Patient_ID,Age ,H0F1,Resection,Date_resection,J_resection,PICE_stenose,Necrose,Necrose_purs,Necrose_peritonitis,dates_resection,N_resection,RC_date,DCD,last_news,Suivi,ethnie,Inclusion SURVIBIO,vient de l'APHP,département,ATCD cardiovasc,FDR cardio vasc,diabète,dyslipidémie,HTA,tabac,alcool,toxicomanie,cancer actif,IRC dialysé,VIH,cirrhose,BPCO,colite ischémique ,ATCD chir vasculaire,ATCD ischémie digestive,Radiothérapie abdo,ATCD résection intestin,zéro ATCD,POIDS,TAILLE,IMC,température,PAS,PAD,antalgiques palier 1/2/3,Morphine_survibase,DFG_CKDEPI,date diagnostic,date début PEC,RethromboseV,Date_prem_SF,douleur abdo,morphine,Sd occlusif,Vomissements,anorexie,diarrhée,hémorragie digestive,irritation péritonéale,distension abdo,SOFACardio1,SOFARespi1,SOFANeuro1,SOFAHem1,SOFARein1,SOFABili1,SOFA1,1_SOFA_sup2,SOFACardio2,SOFAResp2,SOFANeuro2,SOFAHem2,SOFARein2,SOFABili2,SOFA2,1_SOFA2_sup2,1_SOFA12_sup2,SIRS,Mise sous O2,Delai - Premiere antiXa efficace,état de choc,Def_PS,Def_PC,Def_AT,Mut_V,Mut_JAK2,Mut_II,Mut_CALR,Mut-MTHFR,HHC,SAPL,Thrombophilie,Contexte_inf,Contexte_K,Contexte_cirr,compression extrinsèque,sténose anastomose veineuse,EBV_aigu,CMV_aigu,COVID,Realim_J5,DouleurJ5_persist_ou_aggrav,DouleurJ5_aggrav,date_rentree_BJN,Delai_SF_BJN,HOS_SERVICE_L1,Adm_REA,sorti_d'hospit,durée d'hospit J,date bio hémato,Hb,PNN,Lympho,Plaquettes,Fg,TP,Ddim,Jour_bio,Plaquettes_max,Ddim_max,Creat,Uree,LDH,CPK,tropo,date diagnostic.1,Leuco,leuco_H48,Leuco_H48_12,Leuco_max,Leuco_max_15,lactate,lactate_H48,Lactate_H48_15,lactate_max,Lactate_sup2,CRP,CRPJ1_sur_J3,CRP H 48,CRP_H48_200,CRPJ3-J1,CRP_max,CRP_sup200,procalcitonine,PCT_H48,PCT_max,bicar,lipase,ASAT,ALAT,GGT,PAL,BILIT,BILIC,calprotectine fécale,pH,Na/K < 1,hémocultures,hémocultures_pos,Hemoc_germ,microbiologie,microbio_pos,date plvt bactério,Microbio_peritoine,Unnamed: 165,Stomie_DDN,SGC_def,Lgrele,%colon,revascularisation,Commentaires,CT1_Date,CT1_Info,CT1_NECT,CT1_AP,CT1_PVP,CT1_DP,CT1_SMV,CT1_right_gastroepiploic_vein,CT1_pancreaticoduodenal_veins,CT1_middle_colic_vein,CT1_right_colic_vein,CT1_ileocolic_vein,CT1_jejunal_veins,CT1_ileal_veins,CT1_IMV,CT1_left_colic_vein,CT1_rectosigmoid_veins,CT1_superior_rectal_veins,CT1_SV_permeable,CT1_SV_partial_occlusion,CT1_SV_complete_occlusion,CT1_PV_permeable,CT1_PV_partial_occlusion,CT1_PV_complete_occlusion,CT1_IHPV,CT1_IHPV_partial_occlusion,CT1_IHPV_complete_occlusion,CT1_right,CT1_left,CT1_portal_cavernoma,CT1_SMA_normal,CT1_SMA_ostium_atherosclerotic_plaque,CT1_SMA_diffuse_atherosclerotic_narrowing,CT1_SMA_stenosis_(%),CT1_SMA_stenosis_sup25,CT1_SMA_stenosis_sup50,CT1_SMA_thrombosis,CT1_TC_normal,CT1_TC_ostium_atherosclerotic_plaque,CT1_TC_stenosis (%),CT1_TC_stenosis_sup25,CT1_TC_stenosis_sup50,CT1_TC_thrombosis,CT1_bowel_dilatation,CT1_bowel_wall_thickening,CT1_bowel_wall_decreased_enahncement,CT1_bowel_wall_absent_enahncement,CT1_bowel_wall_mucosal_enhancement,CT1_bowel_wall_increased_attenuation_NECT,CT1_target_sign_appearance,CT1_mesenteric_fat_stranding,CT1_pneumatosis_intestinalis,CT1_portomesenteric_gas,CT1_intestinal_perforation,CT1_extrabowel_gas,CT1_mesenteric_fluid_effusion,CT1_ascites,CT1_fluid_collection,CT1_splenomegaly,CT1_dysmorphic_vascular_liver,CT2_Date,CT2_Info,CT2_NECT,CT2_AP,CT2_PVP,CT2_DP,CT2_SMV,CT2_right_gastroepiploic_vein,CT2_pancreaticoduodenal_veins,CT2_middle_colic_vein,CT2_right_colic_vein,CT2_ileocolic_vein,CT2_jejunal_veins,CT2_ileal_veins,CT2_IMV,CT2_left_colic_vein,CT2_rectosigmoid_veins,CT2_superior_rectal_veins,CT2_SV_permeable,CT2_SV_partial_occlusion,CT2_SV_complete_occlusion,CT2_PV_permeable,CT2_PV_partial_occlusion,CT2_PV_complete_occlusion,CT2_IHPV,CT2_IHPV_partial_occlusion,CT2_IHPV_complete_occlusion,CT2_right,CT2_left,CT2_portal_cavernoma,CT2_SMA_normal,CT2_SMA_ostium_atherosclerotic_plaque,CT2_SMA_diffuse_atherosclerotic_narrowing,CT2_SMA_stenosis_(%),CT1_SMA_stenosis_sup25.1,CT1_SMA_stenosis_sup50.1,CT2_SMA_thrombosis,CT2_TC_normal,CT2_TC_ostium_atherosclerotic_plaque,CT2_TC_stenosis (%),CT1_TC_stenosis_sup25.1,CT1_TC_stenosis_sup50.1,CT2_TC_thrombosis,CT2_bowel_dilatation,CT2_bowel_wall_thickening,CT2_bowel_wall_decreased_enahncement,CT2_bowel_wall_absent_enahncement,CT2_bowel_wall_mucosal_enhancement,CT2_bowel_wall_increased_attenuation_NECT,CT2_target_sign_appearance,CT2_mesenteric_fat_stranding,CT2_pneumatosis_intestinalis,CT2_portomesenteric_gas,CT2_intestinal_perforation,CT2_extrabowel_gas,CT2_mesenteric_fluid_effusion,CT2_ascites,CT2_fluid_collection,CT2_splenomegaly,CT2_dysmorphic_vascular_liver,CTmax_Date,CTmax_Info,CTmax_NECT,CTmax_AP,CTmax_PVP,CTmax_DP,CTmax_SMV,CTmax_right_gastroepiploic_vein,CTmax_pancreaticoduodenal_veins,CTmax_middle_colic_vein,CTmax_right_colic_vein,CTmax_ileocolic_vein,CTmax_jejunal_veins,CTmax_ileal_veins,CTmax_IMV,CTmax_left_colic_vein,CTmax_rectosigmoid_veins,CTmax_superior_rectal_veins,CTmax_SV_permeable,CTmax_SV_partial_occlusion,CTmax_SV_complete_occlusion,CTmax_PV_permeable,CTmax_PV_partial_occlusion,CTmax_PV_complete_occlusion,CTmax_IHPV,CTmax_IHPV_partial_occlusion,CTmax_IHPV_complete_occlusion,CTmax_right,CTmax_left,CTmax_portal_cavernoma,CTmax_SMA_normal,CTmax_SMA_ostium_atherosclerotic_plaque,CTmax_SMA_diffuse_atherosclerotic_narrowing,CTmax_SMA_stenosis_%,CTmax_SMA_stenosis_sup25,CTmax_SMA_stenosis_sup50,CTmax_SMA_thrombosis,CTmax_TC_normal,CTmax_TC_ostium_atherosclerotic_plaque,CTmax_TC_stenosis (%),CTmax_TC_stenosis_sup25,CTmax_TC_stenosis_sup50,CTmax_TC_thrombosis,CTmax_bowel_dilatation,CTmax_bowel_wall_thickening,CTmax_bowel_wall_decreased_enahncement,CTmax_bowel_wall_absent_enahncement,CTmax_bowel_wall_mucosal_enhancement,CTmax_bowel_wall_increased_attenuation_NECT,CTmax_target_sign_appearance,CTmax_mesenteric_fat_stranding,CTmax_pneumatosis_intestinalis,CTmax_portomesenteric_gas,CTmax_intestinal_perforation,CTmax_extrabowel_gas,CTmax_mesenteric_fluid_effusion,CTmax_ascites,CTmax_fluid_collection,CTmax_splenomegaly,CTmax_dysmorphic_vascular_liver,IncreasedNECT_OR_DecreasedECT,IncreasedNECT_AND_DecreasedECT,Perfo_OR_absent_OR_DecreasedECT,Perfo_OR_absent_OR_increasedNECT_DecreasedECT,Ct1-2_Persistent_decreased_enhancement,Persistent_bowel_dilatation,Apparition_increased_NECT,Delta_SF_to_Diagnostic_days,Delta_SF_to_PEC_days,Delta_SF_to_CT1_days,Delta_SF_to_Bio_days,Delta_SF_to_BJN_days
PAT_001,68.0,0.0,0.0,,116.0,,0.0,0.0,,,,,0.0,2023-03-23,116.0,4.0,1.0,1,75.0,0.0,1.0,1.0,0.0,0.0,0.0,0.0,0.0,0.0,0.0,0.0,0.0,0.0,0.0,0.0,0.0,0.0,0.0,0.0,81.0,180.0,25.0,36.5,129.0,86.0,2.0,0.0,51.0,2022-11-27,2022-11-27,0.0,2022-10-27,0.0,0.0,0.0,1.0,0.0,1.0,0.0,0.0,1.0,0.0,0.0,0.0,0.0,1.0,0.0,1.0,0.0,0.0,0.0,0.0,0.0,1.0,0.0,1.0,0.0,0.0,0.0,0.0,4.0,0.0,0.0,0.0,0.0,0.0,0.0,0.0,0.0,0.0,0.0,0.0,0.0,0.0,,0.0,0.0,0.0,1.0,0.0,0.0,1.0,0.0,,2022-11-27,31.0,SURVI,0.0,2022-12-02,6.0,2022-11-27,15.0,22,2.9,467.0,7.0,88,17107,2.0,467.0,17107,131.0,23.0,,33,13.0,2022-11-27,25.0,11.3,0.0,25.0,1.0,2.27,1.11,0.0,2.27,1.0,154.0,0.681818181818182,105.0,0.0,-49.0,154.0,0.0,,,,18.0,13,28.0,17.0,100.0,189.0,15.0,,435.0,,1.0,0.0,,,1.0,0.0,,,,0.0,0.0,,,0.0,,2022-11-27,no bjn,0.0,1.0,1.0,0.0,1.0,0.0,0.0,0.0,0.0,1.0,1.0,1.0,1.0,0.0,0.0,0.0,1.0,0.0,0.0,0.0,1.0,0.0,1.0,1.0,0,1.0,1.0,0.0,1.0,0.0,0.0,0,0.0,0.0,0.0,1.0,0.0,0,0.0,0.0,0.0,1.0,1.0,0.0,0.0,1.0,,1.0,1.0,0.0,0.0,0.0,0.0,1.0,1.0,0.0,0.0,0.0,2022-12-02,bjn,1.0,1.0,1.0,0.0,1.0,0.0,0.0,0.0,0.0,0.0,1.0,1.0,0.0,0.0,0.0,0.0,1.0,0.0,0.0,0.0,1.0,0.0,1.0,1.0,0.0,0.0,1.0,0.0,1.0,0.0,0.0,0,0.0,0.0,0.0,1.0,0.0,0,0.0,0.0,0.0,0.0,1.0,0.0,0.0,0.0,0.0,0.0,1.0,0.0,0.0,0.0,0.0,1.0,1.0,0.0,0.0,0.0,,,1.0,1.0,1.0,0.0,1.0,0.0,0.0,0.0,0.0,1.0,1.0,1.0,1.0,0.0,0.0,0.0,1.0,0.0,0.0,0.0,1.0,0.0,1.0,1.0,0.0,1.0,1.0,0.0,1.0,0.0,0.0,0.0,0.0,0.0,0.0,1.0,0.0,0.0,0.0,0.0,0.0,1.0,1.0,0.0,0.0,1.0,0.0,1.0,1.0,0.0,0.0,0.0,0.0,1.0,1.0,0.0,0.0,0.0,0.0,0.0,0.0,0.0,,0.0,,31.0,31.0,31.0,31.0,31.0
PAT_002,71.0,1.0,0.0,,888.0,,0.0,0.0,,,,,0.0,2023-05-30,888.0,1.0,1.0,0,95.0,0.0,1.0,0.0,0.0,1.0,0.0,0.0,0.0,0.0,0.0,0.0,0.0,0.0,0.0,0.0,0.0,0.0,0.0,1.0,45.0,160.0,17.5,36.8,118.0,61.0,3.0,1.0,41.0,2020-12-22,2020-12-23,0.0,2020-12-15,1.0,1.0,1.0,0.0,0.0,1.0,0.0,0.0,1.0,0.0,0.0,0.0,0.0,1.0,0.0,1.0,0.0,0.0,0.0,0.0,0.0,1.0,0.0,1.0,0.0,0.0,1.0,0.0,2.0,0.0,0.0,0.0,0.0,0.0,0.0,0.0,0.0,0.0,1.0,1.0,1.0,0.0,0.0,0.0,0.0,0.0,1.0,0.0,0.0,1.0,0.0,,2020-12-23,8.0,SURVI,0.0,2021-01-06,15.0,2020-12-23,13.0,18,1.1,542.0,6.0,90,,2.0,542.0,,115.0,11.0,,,,2020-12-22,20.3,10.6,0.0,20.3,1.0,1.7,0.9,0.0,1.7,0.0,159.0,0.616352201257862,98.0,0.0,-61.0,159.0,0.0,,,,21.0,,16.0,5.0,35.0,90.0,10.0,5,,,1.0,1.0,0.0,,1.0,0.0,,,,0.0,0.0,,,0.0,,2020-12-22,no bjn,1.0,0.0,1.0,0.0,1.0,0.0,0.0,0.0,0.0,0.0,1.0,1.0,1.0,0.0,0.0,0.0,0.0,0.0,1.0,0.0,0.0,1.0,1.0,0.0,1,1.0,1.0,1.0,1.0,0.0,0.0,0,0.0,0.0,0.0,0.0,1.0,<25,0.0,0.0,0.0,1.0,1.0,1.0,1.0,1.0,0.0,1.0,1.0,0.0,0.0,0.0,0.0,1.0,1.0,0.0,0.0,1.0,2020-12-25,bjn,1.0,1.0,1.0,0.0,1.0,0.0,0.0,0.0,0.0,0.0,1.0,1.0,1.0,0.0,0.0,0.0,0.0,0.0,1.0,0.0,0.0,1.0,1.0,0.0,1.0,1.0,1.0,1.0,1.0,0.0,0.0,0,0.0,0.0,0.0,0.0,1.0,<25,0.0,0.0,0.0,1.0,1.0,0.0,0.0,1.0,0.0,1.0,1.0,0.0,0.0,0.0,0.0,1.0,1.0,0.0,0.0,1.0,,,1.0,1.0,1.0,0.0,1.0,0.0,0.0,0.0,0.0,0.0,1.0,1.0,1.0,0.0,0.0,0.0,0.0,0.0,1.0,0.0,0.0,1.0,1.0,0.0,1.0,1.0,1.0,1.0,1.0,0.0,0.0,0.0,0.0,0.0,0.0,0.0,1.0,,0.0,0.0,0.0,1.0,1.0,1.0,1.0,1.0,0.0,1.0,1.0,0.0,0.0,0.0,0.0,1.0,1.0,0.0,0.0,1.0,1.0,0.0,1.0,1.0,0.0,1.0,,7.0,8.0,7.0,8.0,8.0
PAT_003,50.0,0.0,1.0,2022-05-22,4.0,,1.0,1.0,0.0,22/05/2022 ET 26052022,2.0,,0.0,2023-04-19,336.0,1.0,0.0,1,92.0,0.0,0.0,0.0,0.0,0.0,0.0,0.0,0.0,0.0,0.0,0.0,0.0,0.0,0.0,0.0,0.0,0.0,0.0,1.0,72.0,176.0,23.2,36.7,,,,,63.0,2022-05-18,2022-05-18,0.0,2022-05-14,1.0,1.0,0.0,1.0,0.0,1.0,0.0,1.0,1.0,3.0,0.0,0.0,0.0,0.0,1.0,4.0,1.0,3.0,3.0,0.0,0.0,0.0,1.0,7.0,1.0,1.0,1.0,1.0,3.0,1.0,0.0,0.0,0.0,0.0,1.0,0.0,0.0,0.0,0.0,0.0,1.0,0.0,0.0,0.0,0.0,0.0,0.0,0.0,0.0,,,,2022-06-17,34.0,SURVI,1.0,2022-06-28,12.0,2022-05-18,14.3,19,5.0,389.0,4.0,44,5384,,517.0,5400,67.0,5.8,484,,,2022-05-18,8.5,21.8,1.0,21.8,1.0,2.2,2.2,1.0,2.2,1.0,20.0,9.75,195.0,0.0,175.0,195.0,0.0,,,,19.0,,31.0,37.0,71.0,129.0,69.0,25,,7.36,,1.0,0.0,,1.0,0.0,,,,0.0,1.0,160.0,100.0,0.0,,2022-05-17,no bjn,1.0,1.0,1.0,0.0,1.0,0.0,0.0,0.0,1.0,1.0,1.0,1.0,0.0,0.0,0.0,0.0,1.0,0.0,0.0,0.0,0.0,1.0,1.0,0.0,1,1.0,1.0,1.0,1.0,0.0,0.0,0,0.0,0.0,0.0,1.0,0.0,0,0.0,0.0,0.0,1.0,1.0,1.0,0.0,1.0,0.0,0.0,1.0,0.0,0.0,0.0,0.0,0.0,0.0,0.0,1.0,1.0,2022-05-22,bjn,1.0,1.0,1.0,0.0,1.0,0.0,0.0,0.0,1.0,1.0,1.0,1.0,0.0,0.0,0.0,0.0,1.0,0.0,0.0,0.0,0.0,1.0,1.0,0.0,1.0,1.0,1.0,1.0,1.0,0.0,0.0,0,0.0,0.0,0.0,1.0,0.0,0,0.0,0.0,0.0,1.0,1.0,1.0,0.0,0.0,1.0,0.0,1.0,0.0,0.0,0.0,0.0,1.0,1.0,0.0,1.0,1.0,,,1.0,1.0,1.0,0.0,1.0,0.0,0.0,0.0,1.0,1.0,1.0,1.0,0.0,0.0,0.0,0.0,1.0,0.0,0.0,0.0,0.0,1.0,1.0,0.0,1.0,1.0,1.0,1.0,1.0,0.0,0.0,0.0,0.0,0.0,0.0,1.0,0.0,0.0,0.0,0.0,0.0,1.0,1.0,1.0,0.0,1.0,1.0,0.0,1.0,0.0,0.0,0.0,0.0,1.0,1.0,0.0,1.0,1.0,1.0,1.0,1.0,1.0,1.0,1.0,1.0,4.0,4.0,3.0,4.0,34.0
PAT_004,67.0,0.0,0.0,,603.0,,0.0,0.0,,,,,0.0,2022-09-28,603.0,4.0,1.0,0,93.0,0.0,1.0,0.0,0.0,0.0,0.0,0.0,0.0,0.0,0.0,0.0,1.0,0.0,0.0,0.0,0.0,0.0,0.0,0.0,85.0,160.0,33.2,38.0,120.0,60.0,2.0,0.0,66.0,2021-02-01,2021-02-02,0.0,2021-01-31,1.0,0.0,0.0,1.0,0.0,0.0,0.0,1.0,1.0,0.0,0.0,0.0,1.0,0.0,0.0,1.0,0.0,0.0,0.0,0.0,1.0,0.0,0.0,1.0,0.0,0.0,0.0,0.0,1.0,0.0,0.0,0.0,0.0,0.0,0.0,1.0,0.0,0.0,0.0,0.0,1.0,0.0,0.0,1.0,0.0,0.0,0.0,0.0,0.0,0.0,0.0,,2021-02-02,2.0,SURVI,0.0,2021-02-03,2.0,2021-02-02,9.0,15.2,0.7,101.0,4.0,63,1190,2.0,101.0,1190,101.0,3.5,,203,,2021-02-01,17.2,5.2,0.0,17.0,1.0,2.6,1.3,0.0,2.6,1.0,178.0,0.308988764044944,55.0,0.0,-123.0,178.0,0.0,0.0,,,20.0,35,24.0,11.0,20.0,59.0,27.0,12,,,0.0,1.0,0.0,,1.0,1.0,2021-02-04,,,0.0,0.0,,,0.0,,2021-02-01,no bjn,0.0,0.0,1.0,0.0,1.0,0.0,0.0,0.0,0.0,0.0,1.0,1.0,0.0,0.0,0.0,0.0,1.0,0.0,0.0,0.0,1.0,0.0,0.0,0.0,0,0.0,0.0,0.0,1.0,0.0,0.0,0,0.0,0.0,0.0,0.0,1.0,<25,0.0,0.0,0.0,1.0,1.0,1.0,0.0,1.0,,0.0,1.0,0.0,0.0,0.0,0.0,1.0,1.0,0.0,1.0,0.0,2021-02-05,bjn,1.0,1.0,1.0,0.0,1.0,0.0,0.0,0.0,0.0,0.0,0.0,1.0,0.0,0.0,0.0,0.0,1.0,0.0,0.0,0.0,1.0,0.0,0.0,0.0,0.0,0.0,0.0,0.0,1.0,0.0,0.0,0,0.0,0.0,0.0,0.0,1.0,<25,0.0,0.0,0.0,0.0,1.0,0.0,0.0,1.0,0.0,0.0,1.0,0.0,0.0,0.0,0.0,1.0,1.0,0.0,1.0,0.0,,,1.0,1.0,1.0,0.0,1.0,0.0,0.0,0.0,0.0,0.0,1.0,1.0,0.0,0.0,0.0,0.0,1.0,0.0,0.0,0.0,1.0,0.0,0.0,0.0,0.0,0.0,0.0,0.0,1.0,0.0,0.0,0.0,0.0,0.0,0.0,0.0,1.0,,0.0,0.0,0.0,1.0,1.0,1.0,0.0,1.0,0.0,0.0,1.0,0.0,0.0,0.0,0.0,1.0,1.0,0.0,1.0,0.0,1.0,0.0,1.0,1.0,0.0,0.0,,1.0,2.0,1.0,2.0,2.0
PAT_005,77.0,0.0,1.0,2022-01-21,1.0,,0.0,,,2022-01-21 00:00:00,1.0,2021-03-21,0.0,2023-05-17,482.0,1.0,1.0,1,75.0,0.0,1.0,0.0,0.0,0.0,1.0,1.0,0.0,0.0,0.0,0.0,0.0,0.0,0.0,0.0,0.0,0.0,0.0,0.0,73.0,165.0,26.8,36.5,147.0,83.0,3.0,1.0,54.0,2022-01-20,2022-01-20,0.0,2022-01-20,1.0,1.0,0.0,0.0,0.0,0.0,1.0,0.0,1.0,0.0,0.0,0.0,0.0,1.0,0.0,1.0,0.0,0.0,3.0,0.0,0.0,1.0,0.0,4.0,1.0,1.0,1.0,1.0,4.0,0.0,0.0,0.0,0.0,0.0,0.0,0.0,0.0,0.0,0.0,0.0,0.0,1.0,0.0,0.0,0.0,0.0,0.0,0.0,1.0,,0.0,,2022-01-21,1.0,REA BEAUJON,1.0,2022-01-22,2.0,2022-01-23,12.0,13,1.6,198.0,5.0,84,,8.0,198.0,,121.0,9.4,,172,18.0,2022-01-20,16.0,18.0,1.0,29.4,1.0,9.1,1.17,0.0,9.1,1.0,100.0,1.67,167.0,0.0,67.0,167.0,0.0,0.47,,,16.0,70,34.0,16.0,43.0,90.0,6.0,4,,7.32,1.0,1.0,0.0,,1.0,0.0,,,,0.0,0.0,,,0.0,,2022-01-20,no bjn,1.0,1.0,1.0,0.0,1.0,1.0,1.0,1.0,1.0,0.0,1.0,1.0,1.0,0.0,0.0,0.0,1.0,0.0,0.0,0.0,1.0,0.0,1.0,1.0,0,0.0,1.0,0.0,1.0,1.0,0.0,<25,0.0,0.0,0.0,1.0,1.0,<25,0.0,0.0,0.0,1.0,1.0,1.0,0.0,1.0,0.0,1.0,1.0,0.0,0.0,0.0,0.0,1.0,1.0,0.0,0.0,0.0,2022-01-21,bjn,1.0,1.0,1.0,0.0,1.0,1.0,1.0,1.0,1.0,0.0,1.0,1.0,1.0,0.0,0.0,0.0,1.0,0.0,0.0,0.0,1.0,0.0,1.0,1.0,0.0,0.0,1.0,0.0,1.0,1.0,0.0,<25,0.0,0.0,0.0,1.0,1.0,<25,0.0,0.0,0.0,1.0,1.0,1.0,0.0,1.0,0.0,1.0,1.0,0.0,0.0,0.0,0.0,1.0,1.0,0.0,0.0,0.0,,,1.0,1.0,1.0,0.0,1.0,1.0,1.0,1.0,1.0,0.0,1.0,1.0,1.0,0.0,0.0,0.0,1.0,0.0,0.0,0.0,1.0,0.0,1.0,1.0,0.0,0.0,1.0,0.0,1.0,1.0,0.0,,0.0,0.0,0.0,1.0,1.0,,0.0,0.0,0.0,1.0,1.0,1.0,0.0,1.0,0.0,1.0,1.0,0.0,0.0,0.0,0.0,1.0,1.0,0.0,0.0,0.0,1.0,0.0,1.0,1.0,1.0,1.0,,0.0,0.0,0.0,3.0,1.0
PAT_006,72.0,1.0,0.0,,259.0,,0.0,0.0,,,,,0.0,2018-07-26,259.0,1.0,1.0,0,95.0,0.0,1.0,0.0,0.0,1.0,0.0,1.0,0.0,0.0,0.0,0.0,1.0,0.0,0.0,0.0,0.0,0.0,0.0,0.0,94.0,,,36.9,154.0,94.0,,,80.0,2017-11-08,2017-11-09,0.0,2017-11-06,1.0,0.0,0.0,1.0,0.0,1.0,0.0,1.0,0.0,0.0,2.0,2.0,0.0,0.0,2.0,6.0,1.0,2.0,0.0,2.0,1.0,1.0,2.0,8.0,1.0,1.0,1.0,1.0,1.0,1.0,0.0,0.0,0.0,0.0,0.0,0.0,0.0,0.0,0.0,0.0,0.0,0.0,0.0,1.0,0.0,0.0,0.0,0.0,,,,,,,,1.0,,,,12.4,,,197.0,,57,,,,,66.0,13.0,,,,2017-11-08,16.5,18.3,1.0,22.3,1.0,2.45,1.3,0.0,2.6,1.0,160.0,1.0625,170.0,0.0,10.0,171.0,0.0,0.4,,,24.0,,35.0,9.0,233.0,122.0,71.0,47,,7.54,,1.0,0.0,,1.0,1.0,2017-11-09,,,0.0,0.0,,,0.0,,2017-11-08,no bjn,1.0,0.0,1.0,0.0,1.0,1.0,1.0,1.0,1.0,1.0,1.0,1.0,1.0,1.0,1.0,1.0,1.0,0.0,0.0,0.0,1.0,0.0,0.0,0.0,0,0.0,0.0,0.0,0.0,1.0,0.0,<25,0.0,0.0,0.0,0.0,1.0,<25,0.0,0.0,0.0,1.0,1.0,1.0,0.0,1.0,0.0,1.0,1.0,0.0,0.0,0.0,0.0,1.0,1.0,0.0,1.0,0.0,,,,,,,,,,,,,,,,,,,,,,,,,,,,,,,,,,,,,,,,,,,,,,,,,,,,,,,,,,,,,,,1.0,0.0,1.0,0.0,1.0,1.0,1.0,1.0,1.0,1.0,1.0,1.0,1.0,1.0,1.0,1.0,1.0,0.0,0.0,0.0,1.0,0.0,0.0,0.0,0.0,0.0,0.0,0.0,0.0,1.0,0.0,,0.0,0.0,0.0,0.0,1.0,,0.0,0.0,0.0,1.0,1.0,1.0,0.0,1.0,0.0,1.0,1.0,0.0,0.0,0.0,0.0,1.0,1.0,0.0,1.0,0.0,1.0,0.0,1.0,1.0,,,,2.0,3.0,2.0,,
PAT_007,39.0,0.0,1.0,2018-04-17,12.0,,1.0,1.0,1.0,2018-04-17 00:00:00,1.0,2018-12-05,0.0,2023-02-07,1769.0,4.0,1.0,0,95.0,0.0,1.0,0.0,1.0,0.0,1.0,0.0,0.0,0.0,0.0,0.0,0.0,1.0,0.0,0.0,0.0,0.0,0.0,0.0,114.0,182.0,34.4,36.9,113.0,85.0,3.0,1.0,123.0,2018-04-05,2018-04-05,0.0,2018-04-03,1.0,1.0,1.0,0.0,0.0,0.0,0.0,1.0,1.0,0.0,0.0,0.0,0.0,0.0,0.0,0.0,0.0,0.0,0.0,0.0,0.0,0.0,0.0,0.0,0.0,0.0,1.0,,,0.0,0.0,0.0,1.0,0.0,0.0,0.0,0.0,0.0,0.0,0.0,1.0,0.0,0.0,0.0,0.0,0.0,0.0,0.0,,1.0,0.0,,2018-04-05,2.0,REA BEAUJON,1.0,2018-04-06,2.0,2018-04-06,13.0,8.6,2.3,328.0,6.0,72,,2.0,326.0,,55.0,5.0,,26,,2018-04-05,17.5,10.5,0.0,17.5,1.0,1.33,1.13,0.0,1.33,0.0,132.0,1.92424242424242,254.0,1.0,122.0,254.0,1.0,0.0,,,27.0,29,18.0,17.0,82.0,81.0,15.0,7,,7.4,,1.0,1.0,,1.0,1.0,2018-04-15,,,0.0,0.0,,,0.0,,2018-04-05,no bjn,0.0,0.0,1.0,0.0,1.0,0.0,0.0,0.0,0.0,1.0,1.0,1.0,1.0,1.0,0.0,0.0,0.0,1.0,0.0,0.0,1.0,0.0,1.0,1.0,0,1.0,0.0,0.0,1.0,0.0,0.0,0,0.0,0.0,0.0,1.0,0.0,0,0.0,0.0,0.0,1.0,0.0,1.0,0.0,0.0,,0.0,1.0,0.0,0.0,0.0,0.0,1.0,1.0,0.0,0.0,0.0,2018-04-17,bjn,0.0,1.0,1.0,0.0,1.0,0.0,0.0,0.0,0.0,1.0,0.0,1.0,1.0,1.0,0.0,0.0,0.0,1.0,0.0,0.0,1.0,0.0,1.0,1.0,0.0,1.0,0.0,0.0,1.0,0.0,0.0,0,0.0,0.0,0.0,1.0,0.0,0,0.0,0.0,0.0,1.0,0.0,1.0,1.0,0.0,,0.0,1.0,0.0,0.0,1.0,1.0,1.0,1.0,0.0,0.0,0.0,,,0.0,1.0,1.0,0.0,1.0,0.0,0.0,0.0,0.0,1.0,1.0,1.0,1.0,1.0,0.0,0.0,0.0,1.0,0.0,0.0,1.0,0.0,1.0,1.0,0.0,1.0,0.0,0.0,1.0,0.0,0.0,0.0,0.0,0.0,0.0,1.0,0.0,0.0,0.0,0.0,0.0,1.0,0.0,1.0,0.0,0.0,0.0,0.0,1.0,0.0,0.0,1.0,1.0,1.0,1.0,0.0,0.0,0.0,1.0,0.0,1.0,1.0,1.0,1.0,,2.0,2.0,2.0,3.0,2.0
PAT_008,77.0,0.0,0.0,,1846.0,,0.0,0.0,,,,,0.0,2023-04-17,1846.0,6.0,0.0,0,78.0,0.0,1.0,1.0,0.0,0.0,1.0,0.0,0.0,0.0,0.0,0.0,0.0,1.0,0.0,0.0,0.0,0.0,0.0,0.0,81.0,183.0,24.2,37.0,143.0,72.0,2.0,0.0,84.0,2018-03-26,2018-03-28,0.0,2018-03-25,1.0,0.0,1.0,1.0,0.0,0.0,0.0,0.0,0.0,0.0,0.0,0.0,0.0,0.0,0.0,0.0,0.0,0.0,0.0,0.0,0.0,0.0,0.0,0.0,0.0,0.0,0.0,,,0.0,0.0,0.0,0.0,0.0,0.0,0.0,0.0,0.0,0.0,0.0,0.0,0.0,0.0,0.0,0.0,0.0,0.0,0.0,,,,,2018-03-29,4.0,HEPATOLOGIE BEAUJON,0.0,2018-04-21,24.0,2018-03-29,13.0,5.9,0.9,172.0,5.0,85,,1.0,172.0,,74.0,4.2,,,,2018-03-26,16.9,7.5,0.0,16.9,1.0,1.8,1.8,1.0,1.8,0.0,54.0,0.833333333333333,45.0,0.0,-9.0,54.0,0.0,,,,23.0,,38.0,25.0,76.0,83.0,17.0,9,,,,0.0,,,1.0,0.0,,,,0.0,0.0,,,0.0,,2018-03-26,no bjn,0.0,0.0,1.0,0.0,1.0,1.0,1.0,0.0,0.0,1.0,1.0,1.0,0.0,0.0,0.0,0.0,0.0,0.0,1.0,0.0,1.0,0.0,1.0,0.0,1,1.0,1.0,0.0,1.0,0.0,0.0,0,0.0,0.0,0.0,0.0,1.0,<25,0.0,0.0,0.0,1.0,1.0,1.0,0.0,1.0,,1.0,1.0,0.0,0.0,0.0,0.0,1.0,1.0,0.0,1.0,0.0,2018-04-06,bjn,1.0,1.0,1.0,1.0,1.0,1.0,1.0,0.0,0.0,1.0,1.0,0.0,0.0,0.0,0.0,0.0,0.0,1.0,0.0,0.0,1.0,0.0,1.0,1.0,0.0,1.0,1.0,1.0,1.0,0.0,0.0,0,0.0,0.0,0.0,0.0,1.0,<25,0.0,0.0,0.0,0.0,0.0,0.0,0.0,0.0,0.0,0.0,1.0,0.0,0.0,0.0,0.0,0.0,0.0,0.0,1.0,0.0,,,1.0,1.0,1.0,1.0,1.0,1.0,1.0,0.0,0.0,1.0,1.0,1.0,0.0,0.0,0.0,0.0,0.0,1.0,1.0,0.0,1.0,0.0,1.0,1.0,1.0,1.0,1.0,1.0,1.0,0.0,0.0,0.0,0.0,0.0,0.0,0.0,1.0,,0.0,0.0,0.0,1.0,1.0,1.0,0.0,1.0,0.0,1.0,1.0,0.0,0.0,0.0,0.0,1.0,1.0,0.0,1.0,0.0,1.0,0.0,1.0,1.0,0.0,0.0,,1.0,3.0,1.0,4.0,4.0
PAT_009,21.0,0.0,1.0,2017-12-14,0.0,,1.0,1.0,0.0,14/12/2017 ET 16/12/2017 ET 29/05/2019,3.0,,0.0,2019-10-25,680.0,1.0,0.0,,,0.0,0.0,0.0,0.0,0.0,0.0,0.0,0.0,0.0,0.0,0.0,0.0,0.0,0.0,1.0,1.0,0.0,0.0,0.0,63.0,170.0,21.8,37.6,113.0,80.0,3.0,1.0,151.0,2017-12-14,2017-12-14,0.0,2017-12-14,1.0,1.0,0.0,0.0,0.0,0.0,0.0,0.0,1.0,3.0,0.0,0.0,,0.0,0.0,3.0,1.0,3.0,0.0,0.0,,0.0,0.0,3.0,1.0,1.0,1.0,0.0,,1.0,0.0,0.0,0.0,1.0,0.0,0.0,0.0,0.0,0.0,0.0,1.0,0.0,0.0,0.0,0.0,0.0,0.0,0.0,,,,,2019-06-28,561.0,SURVI,0.0,2019-07-01,4.0,2019-06-28,,,,,,,,,,,,,,,,2017-12-13,,,,,,,,,,,,,,,,,,,,,,,,,,,,N,,,,,,,0.0,0.0,,,,0.0,1.0,15.0,30.0,0.0,,2019-05-21,no bjn,0.0,0.0,1.0,0.0,1.0,0.0,0.0,0.0,0.0,1.0,1.0,1.0,0.0,0.0,0.0,0.0,1.0,0.0,0.0,1.0,0.0,0.0,0.0,0.0,0,0.0,0.0,0.0,1.0,0.0,0.0,0,0.0,0.0,0.0,1.0,0.0,0,0.0,0.0,0.0,1.0,1.0,1.0,0.0,1.0,,1.0,1.0,0.0,0.0,0.0,0.0,1.0,1.0,0.0,0.0,0.0,,,,,,,,,,,,,,,,,,,,,,,,,,,,,,,,,,,,,,,,,,,,,,,,,,,,,,,,,,,,,,,0.0,0.0,1.0,0.0,1.0,0.0,0.0,0.0,0.0,1.0,1.0,1.0,0.0,0.0,0.0,0.0,1.0,0.0,0.0,1.0,0.0,0.0,0.0,0.0,0.0,0.0,0.0,0.0,1.0,0.0,0.0,0.0,0.0,0.0,0.0,1.0,0.0,0.0,0.0,0.0,0.0,1.0,1.0,1.0,0.0,1.0,0.0,1.0,1.0,0.0,0.0,0.0,0.0,1.0,1.0,0.0,0.0,0.0,1.0,0.0,1.0,1.0,,,,0.0,0.0,523.0,561.0,561.0
PAT_010,30.0,0.0,0.0,,490.0,,0.0,0.0,,,,,0.0,2023-01-16,490.0,1.0,1.0,0,92.0,0.0,1.0,0.0,0.0,0.0,0.0,0.0,1.0,0.0,0.0,0.0,0.0,0.0,0.0,0.0,0.0,0.0,0.0,0.0,75.0,170.0,26.0,37.0,121.0,76.0,2.0,0.0,119.0,2021-09-13,2021-09-13,0.0,2021-09-13,1.0,0.0,0.0,0.0,0.0,0.0,0.0,0.0,0.0,0.0,0.0,0.0,0.0,0.0,0.0,0.0,0.0,0.0,0.0,0.0,0.0,0.0,0.0,0.0,0.0,0.0,0.0,0.0,2.0,0.0,0.0,0.0,0.0,0.0,0.0,0.0,0.0,0.0,0.0,0.0,0.0,0.0,0.0,0.0,0.0,0.0,0.0,0.0,0.0,1.0,0.0,,2021-09-13,0.0,SURVI,0.0,2021-09-17,5.0,2021-09-13,16.0,17,1.2,278.0,3.0,88,981,2.0,278.0,981,72.0,2.3,,478,4.0,2021-09-13,18.7,13.2,1.0,18.7,1.0,2.12,0.97,0.0,2.12,1.0,2.0,1.5,3.0,0.0,1.0,3.0,0.0,0.06,,,23.0,27,70.0,83.0,47.0,88.0,11.0,4,,,0.0,1.0,0.0,,1.0,1.0,2021-09-14,,,0.0,0.0,,,0.0,,2021-09-13,no bjn,0.0,0.0,1.0,0.0,1.0,0.0,0.0,0.0,0.0,1.0,0.0,1.0,0.0,0.0,0.0,0.0,1.0,0.0,0.0,1.0,0.0,0.0,0.0,0.0,0,0.0,0.0,0.0,1.0,0.0,0.0,0,0.0,0.0,0.0,1.0,0.0,0,0.0,0.0,0.0,0.0,1.0,0.0,0.0,0.0,,0.0,1.0,0.0,0.0,0.0,0.0,0.0,1.0,0.0,0.0,0.0,,,,,,,,,,,,,,,,,,,,,,,,,,,,,,,,,,,,,,,,,,,,,,,,,,,,,,,,,,,,,,,0.0,0.0,1.0,0.0,1.0,0.0,0.0,0.0,0.0,1.0,0.0,1.0,0.0,0.0,0.0,0.0,1.0,0.0,0.0,1.0,0.0,0.0,0.0,0.0,0.0,0.0,0.0,0.0,1.0,0.0,0.0,0.0,0.0,0.0,0.0,1.0,0.0,0.0,0.0,0.0,0.0,0.0,1.0,0.0,0.0,0.0,0.0,0.0,1.0,0.0,0.0,0.0,0.0,0.0,1.0,0.0,0.0,0.0,0.0,0.0,0.0,0.0,,,,0.0,0.0,0.0,0.0,0.0
PAT_011,87.0,1.0,0.0,,1134.0,,0.0,0.0,,,,,0.0,2022-02-09,1134.0,4.0,1.0,0,95.0,0.0,1.0,1.0,0.0,1.0,0.0,0.0,0.0,0.0,0.0,0.0,0.0,0.0,0.0,0.0,0.0,0.0,0.0,0.0,50.0,168.0,17.7,37.2,,,2.0,0.0,53.0,2019-01-02,2019-01-02,0.0,2018-12-30,1.0,0.0,1.0,1.0,0.0,0.0,0.0,0.0,0.0,0.0,0.0,0.0,0.0,0.0,0.0,0.0,0.0,0.0,0.0,0.0,0.0,0.0,0.0,0.0,0.0,0.0,0.0,0.0,1.0,0.0,0.0,0.0,0.0,0.0,1.0,0.0,0.0,0.0,0.0,0.0,1.0,0.0,0.0,0.0,0.0,0.0,0.0,0.0,,1.0,1.0,1.0,2019-01-03,4.0,SURVI,0.0,2019-01-18,16.0,2019-01-03,11.0,15.5,1.3,588.0,9.0,102,,2.0,588.0,,95.0,5.3,,114,,2019-01-02,17.8,16.2,1.0,17.8,1.0,1.15,1.07,0.0,1.15,0.0,275.0,0.752727272727273,207.0,1.0,-68.0,275.0,1.0,,,,13.0,23,23.0,18.0,70.0,244.0,12.0,6,,,0.0,1.0,0.0,,1.0,0.0,,,,0.0,0.0,,,0.0,,2019-01-02,no bjn,1.0,0.0,1.0,1.0,1.0,1.0,1.0,1.0,1.0,1.0,1.0,1.0,0.0,0.0,0.0,0.0,0.0,1.0,0.0,0.0,0.0,1.0,1.0,0.0,1,1.0,1.0,1.0,0.0,1.0,0.0,<25,0.0,0.0,0.0,0.0,1.0,25-50,1.0,0.0,0.0,0.0,0.0,1.0,0.0,1.0,1.0,0.0,1.0,0.0,0.0,0.0,0.0,1.0,1.0,0.0,0.0,1.0,2019-01-07,bjn,1.0,1.0,1.0,0.0,1.0,1.0,1.0,1.0,1.0,1.0,1.0,1.0,0.0,0.0,0.0,0.0,0.0,1.0,0.0,0.0,0.0,1.0,1.0,0.0,1.0,1.0,1.0,1.0,0.0,1.0,0.0,<25,0.0,0.0,0.0,0.0,1.0,25-50,1.0,,0.0,1.0,0.0,0.0,0.0,0.0,1.0,0.0,1.0,0.0,0.0,0.0,0.0,1.0,1.0,0.0,0.0,1.0,,,1.0,1.0,1.0,1.0,1.0,1.0,1.0,1.0,1.0,1.0,1.0,1.0,0.0,0.0,0.0,0.0,0.0,1.0,0.0,0.0,0.0,1.0,1.0,0.0,1.0,1.0,1.0,1.0,0.0,1.0,0.0,,0.0,0.0,0.0,0.0,1.0,,1.0,0.0,0.0,1.0,0.0,1.0,0.0,1.0,1.0,0.0,1.0,0.0,0.0,0.0,0.0,1.0,1.0,0.0,0.0,1.0,1.0,1.0,1.0,1.0,0.0,,,3.0,3.0,3.0,4.0,4.0
PAT_012,57.0,1.0,0.0,,574.0,,0.0,0.0,,,,,0.0,2021-06-06,574.0,1.0,1.0,0,95.0,0.0,1.0,0.0,0.0,0.0,1.0,1.0,0.0,0.0,0.0,0.0,1.0,0.0,0.0,0.0,0.0,0.0,0.0,0.0,70.0,165.0,25.7,36.5,160.0,78.0,2.0,0.0,,2019-11-10,2019-11-10,0.0,2019-11-08,1.0,0.0,0.0,0.0,1.0,0.0,0.0,0.0,0.0,0.0,0.0,0.0,1.0,0.0,0.0,1.0,0.0,0.0,0.0,0.0,1.0,0.0,0.0,1.0,0.0,0.0,0.0,0.0,2.0,0.0,0.0,0.0,0.0,0.0,0.0,0.0,0.0,0.0,0.0,0.0,0.0,0.0,0.0,1.0,0.0,0.0,0.0,0.0,,1.0,0.0,,2019-11-11,3.0,SURVI,0.0,2019-11-13,3.0,2019-11-11,13.0,15.2,1.9,139.0,4.0,56,23061,1.0,139.0,23061,48.0,5.0,,64,,2019-11-10,19.4,10.2,0.0,19.4,1.0,1.3,0.82,0.0,1.4,0.0,121.0,0.776859504132231,94.0,0.0,-27.0,121.0,0.0,0.14,,,21.0,,30.0,16.0,266.0,110.0,30.0,13,,,1.0,1.0,0.0,,1.0,0.0,,,,0.0,0.0,,,0.0,,2019-11-10,no bjn,1.0,1.0,1.0,1.0,1.0,0.0,0.0,0.0,0.0,1.0,0.0,0.0,1.0,1.0,1.0,1.0,1.0,0.0,0.0,1.0,0.0,0.0,0.0,0.0,0,0.0,0.0,0.0,1.0,0.0,0.0,0,0.0,0.0,0.0,1.0,0.0,0,0.0,0.0,0.0,1.0,1.0,1.0,0.0,1.0,0.0,0.0,1.0,0.0,0.0,0.0,0.0,1.0,1.0,0.0,0.0,0.0,2020-02-21,bjn,1.0,1.0,1.0,0.0,0.0,0.0,0.0,0.0,0.0,0.0,0.0,0.0,0.0,0.0,0.0,0.0,1.0,0.0,0.0,1.0,0.0,0.0,0.0,0.0,0.0,0.0,0.0,0.0,1.0,0.0,0.0,0,0.0,0.0,0.0,1.0,0.0,0,0.0,0.0,0.0,0.0,0.0,0.0,0.0,0.0,0.0,0.0,0.0,0.0,0.0,0.0,0.0,0.0,0.0,0.0,0.0,0.0,,,1.0,1.0,1.0,1.0,1.0,0.0,0.0,0.0,0.0,1.0,0.0,0.0,1.0,1.0,1.0,1.0,1.0,0.0,0.0,1.0,0.0,0.0,0.0,0.0,0.0,0.0,0.0,0.0,1.0,0.0,0.0,0.0,0.0,0.0,0.0,1.0,0.0,0.0,0.0,0.0,0.0,1.0,1.0,1.0,0.0,1.0,0.0,0.0,1.0,0.0,0.0,0.0,0.0,1.0,1.0,0.0,0.0,0.0,1.0,0.0,1.0,1.0,0.0,0.0,,2.0,2.0,2.0,3.0,3.0
PAT_013,58.0,0.0,0.0,,449.0,,0.0,0.0,,,,,0.0,2023-03-20,449.0,1.0,0.0,,,0.0,1.0,0.0,0.0,0.0,0.0,0.0,0.0,1.0,0.0,0.0,0.0,0.0,0.0,0.0,0.0,0.0,0.0,0.0,68.0,,,,,,,,,2021-12-26,2021-12-26,0.0,,1.0,1.0,0.0,0.0,0.0,0.0,0.0,0.0,0.0,0.0,0.0,0.0,0.0,0.0,0.0,0.0,0.0,0.0,0.0,0.0,0.0,0.0,0.0,0.0,0.0,0.0,0.0,0.0,2.0,0.0,0.0,0.0,0.0,1.0,0.0,1.0,0.0,0.0,0.0,0.0,1.0,0.0,1.0,0.0,0.0,0.0,0.0,0.0,,1.0,,,,0.0,,0.0,,,2022-03-01,14.0,3.8,1.7,216.0,4.0,122,,1.0,216.0,,,,,,,2021-12-26,11.1,4.7,0.0,11.0,0.0,2.1,0.8,0.0,2.1,1.0,2.0,1.0,2.0,0.0,0.0,2.0,0.0,0.06,,,,,,,,,,,,,,0.0,,,0.0,0.0,,,,0.0,0.0,,,0.0,,2021-12-26,no bjn,1.0,1.0,1.0,0.0,0.0,0.0,0.0,0.0,0.0,0.0,0.0,1.0,0.0,0.0,0.0,0.0,1.0,0.0,0.0,1.0,0.0,0.0,0.0,0.0,0,0.0,0.0,0.0,1.0,0.0,0.0,0,0.0,0.0,0.0,1.0,0.0,0,0.0,0.0,0.0,0.0,0.0,1.0,0.0,0.0,0.0,0.0,1.0,0.0,0.0,0.0,0.0,0.0,1.0,0.0,0.0,0.0,2021-12-28,no bjn,1.0,1.0,1.0,0.0,0.0,0.0,0.0,0.0,0.0,0.0,0.0,0.0,0.0,0.0,0.0,0.0,1.0,0.0,0.0,1.0,0.0,0.0,0.0,0.0,0.0,0.0,0.0,0.0,1.0,0.0,0.0,0,0.0,0.0,0.0,1.0,0.0,0,0.0,0.0,0.0,0.0,0.0,0.0,0.0,0.0,0.0,0.0,1.0,0.0,0.0,0.0,0.0,0.0,1.0,0.0,0.0,0.0,,,1.0,1.0,1.0,0.0,0.0,0.0,0.0,0.0,0.0,0.0,0.0,1.0,0.0,0.0,0.0,0.0,1.0,0.0,0.0,1.0,0.0,0.0,0.0,0.0,0.0,0.0,0.0,0.0,1.0,0.0,0.0,0.0,0.0,0.0,0.0,1.0,0.0,0.0,0.0,0.0,0.0,0.0,0.0,1.0,0.0,0.0,0.0,0.0,1.0,0.0,0.0,0.0,0.0,0.0,1.0,0.0,0.0,0.0,1.0,0.0,1.0,1.0,0.0,,,,,,,
PAT_014,33.0,0.0,1.0,2018-11-17,1.0,,1.0,1.0,0.0,2018-11-16 00:00:00,1.0,2019-05-09,0.0,2019-07-30,256.0,3.0,1.0,0,91.0,0.0,1.0,0.0,0.0,0.0,0.0,0.0,0.0,0.0,0.0,0.0,0.0,0.0,0.0,0.0,0.0,0.0,0.0,1.0,157.0,200.0,39.2,37.4,170.0,80.0,3.0,1.0,85.0,2018-11-16,2018-11-16,0.0,2016-11-14,1.0,1.0,0.0,0.0,0.0,1.0,0.0,1.0,1.0,0.0,0.0,0.0,0.0,1.0,0.0,1.0,0.0,0.0,0.0,0.0,0.0,1.0,0.0,1.0,0.0,0.0,1.0,0.0,,0.0,0.0,0.0,0.0,0.0,0.0,0.0,0.0,0.0,0.0,0.0,0.0,1.0,0.0,0.0,0.0,0.0,0.0,1.0,,,0.0,,2018-11-16,732.0,REA BEAUJON,0.0,2018-11-16,1.0,2018-11-16,16.0,12.2,4.0,165.0,2.0,51,,2.0,165.0,,112.0,5.5,,48,,2018-11-16,14.0,12.6,1.0,19.0,1.0,1.5,2.4,1.0,2.4,1.0,88.0,3.39772727272727,299.0,1.0,211.0,299.0,1.0,0.0,,,18.0,,36.0,54.0,83.0,48.0,25.0,,,,,1.0,0.0,,1.0,0.0,,,,0.0,1.0,200.0,100.0,0.0,,2018-11-16,no bjn,1.0,0.0,1.0,0.0,1.0,1.0,0.0,0.0,0.0,1.0,1.0,1.0,1.0,0.0,1.0,1.0,1.0,0.0,0.0,0.0,0.0,1.0,1.0,0.0,1,1.0,1.0,0.0,1.0,0.0,0.0,0,0.0,0.0,0.0,1.0,0.0,0,0.0,0.0,0.0,1.0,1.0,1.0,0.0,1.0,0.0,1.0,1.0,0.0,0.0,0.0,0.0,1.0,1.0,0.0,1.0,0.0,,,,,,,,,,,,,,,,,,,,,,,,,,,,,,,,,,,,,,,,,,,,,,,,,,,,,,,,,,,,,,,1.0,0.0,1.0,0.0,1.0,1.0,0.0,0.0,0.0,1.0,1.0,1.0,1.0,0.0,1.0,1.0,1.0,0.0,0.0,0.0,0.0,1.0,1.0,0.0,1.0,1.0,1.0,0.0,1.0,0.0,0.0,0.0,0.0,0.0,0.0,1.0,0.0,0.0,0.0,0.0,0.0,1.0,1.0,1.0,0.0,1.0,0.0,1.0,1.0,0.0,0.0,0.0,0.0,1.0,1.0,0.0,1.0,0.0,1.0,0.0,1.0,1.0,,,,732.0,732.0,732.0,732.0,732.0
PAT_015,40.0,0.0,0.0,,977.0,,0.0,0.0,,,,,1.0,2019-05-27,977.0,1.0,1.0,0,95.0,0.0,1.0,0.0,0.0,0.0,1.0,0.0,0.0,0.0,0.0,0.0,0.0,0.0,0.0,0.0,0.0,0.0,0.0,0.0,110.0,174.0,36.3,37.7,122.0,107.0,2.0,0.0,112.0,2016-09-22,2016-09-22,0.0,2016-09-19,1.0,0.0,0.0,0.0,0.0,0.0,0.0,1.0,1.0,0.0,0.0,0.0,0.0,0.0,0.0,0.0,0.0,0.0,0.0,0.0,0.0,0.0,0.0,0.0,0.0,0.0,1.0,,,0.0,,,,,,,,,,,0.0,0.0,0.0,0.0,0.0,0.0,,,,1.0,0.0,,2016-09-23,4.0,SURVI,,2016-09-30,8.0,2016-09-23,14.0,7.9,1.6,295.0,5.0,78,,2.0,305.0,,66.0,4.4,,,,2016-09-22,12.1,12.4,1.0,12.4,0.0,1.19,2.15,1.0,2.15,1.0,131.0,1.78625954198473,234.0,1.0,103.0,234.0,1.0,,,,22.0,,13.0,14.0,60.0,71.0,14.0,7,,,,1.0,0.0,,1.0,0.0,,,,0.0,0.0,,,0.0,,2016-09-22,no bjn,1.0,0.0,1.0,0.0,1.0,0.0,0.0,0.0,0.0,1.0,1.0,1.0,1.0,1.0,0.0,0.0,0.0,0.0,1.0,0.0,0.0,1.0,1.0,0.0,1,1.0,1.0,1.0,1.0,0.0,0.0,0,0.0,0.0,0.0,1.0,0.0,0,0.0,0.0,0.0,1.0,1.0,0.0,0.0,1.0,0.0,1.0,1.0,0.0,0.0,0.0,0.0,0.0,0.0,0.0,0.0,1.0,,,,,,,,,,,,,,,,,,,,,,,,,,,,,,,,,,,,,,,,,,,,,,,,,,,,,,,,,,,,,,,1.0,0.0,1.0,0.0,1.0,0.0,0.0,0.0,0.0,1.0,1.0,1.0,1.0,1.0,0.0,0.0,0.0,0.0,1.0,0.0,0.0,1.0,1.0,0.0,1.0,1.0,1.0,1.0,1.0,0.0,0.0,0.0,0.0,0.0,0.0,1.0,0.0,0.0,0.0,0.0,0.0,1.0,1.0,0.0,0.0,1.0,0.0,1.0,1.0,0.0,0.0,0.0,0.0,0.0,0.0,0.0,0.0,1.0,0.0,0.0,0.0,0.0,,,,3.0,3.0,3.0,4.0,4.0
PAT_016,68.0,1.0,1.0,2023-01-04,38.0,,1.0,1.0,1.0,2023-01-04 00:00:00,1.0,2023-03-08,0.0,2023-05-02,156.0,1.0,1.0,0,93.0,0.0,1.0,0.0,0.0,1.0,1.0,1.0,0.0,0.0,0.0,0.0,0.0,0.0,0.0,0.0,0.0,0.0,0.0,0.0,76.0,171.0,26.0,37.3,151.0,85.0,,,94.0,2022-11-27,2022-11-27,0.0,2022-11-25,1.0,0.0,0.0,0.0,0.0,0.0,0.0,0.0,0.0,0.0,0.0,0.0,0.0,0.0,0.0,0.0,0.0,0.0,3.0,0.0,0.0,0.0,0.0,3.0,1.0,1.0,0.0,1.0,2.0,0.0,0.0,0.0,0.0,0.0,0.0,0.0,0.0,0.0,0.0,0.0,0.0,0.0,0.0,0.0,0.0,0.0,1.0,1.0,1.0,0.0,0.0,,2022-11-27,2.0,SURVI,0.0,2022-12-06,10.0,2022-11-27,9.0,20,0.9,522.0,5.0,73,12983,2.0,522.0,12983,61.0,8.4,,39,,2022-11-27,23.0,14.0,1.0,23.0,1.0,1.0,0.64,0.0,1.0,0.0,152.0,0.684210526315789,104.0,0.0,-48.0,152.0,0.0,0.28,,,22.0,11,21.0,12.0,64.0,163.0,7.0,3,,,1.0,0.0,,,0.0,0.0,,,,0.0,0.0,,,0.0,,2022-11-26,no bjn,1.0,1.0,1.0,0.0,1.0,0.0,0.0,0.0,0.0,1.0,0.0,1.0,0.0,0.0,0.0,0.0,1.0,0.0,0.0,1.0,0.0,0.0,0.0,0.0,0,0.0,0.0,0.0,1.0,0.0,0.0,0,0.0,0.0,0.0,1.0,1.0,<25,0.0,0.0,0.0,1.0,1.0,1.0,1.0,1.0,0.0,1.0,1.0,0.0,0.0,0.0,0.0,1.0,1.0,0.0,0.0,0.0,2022-12-28,bjn,1.0,1.0,1.0,0.0,1.0,0.0,0.0,0.0,0.0,0.0,0.0,1.0,0.0,0.0,0.0,0.0,1.0,0.0,0.0,1.0,0.0,0.0,0.0,0.0,0.0,0.0,0.0,0.0,1.0,0.0,0.0,0,0.0,0.0,0.0,1.0,1.0,<25,0.0,0.0,0.0,0.0,0.0,1.0,1.0,0.0,0.0,0.0,1.0,0.0,0.0,1.0,1.0,0.0,0.0,0.0,0.0,0.0,,,1.0,1.0,1.0,0.0,1.0,0.0,0.0,0.0,0.0,1.0,0.0,1.0,0.0,0.0,0.0,0.0,1.0,0.0,0.0,1.0,0.0,0.0,0.0,0.0,0.0,0.0,0.0,0.0,1.0,0.0,0.0,0.0,0.0,0.0,0.0,1.0,1.0,,0.0,0.0,0.0,1.0,1.0,1.0,1.0,1.0,0.0,1.0,1.0,0.0,0.0,1.0,1.0,1.0,1.0,0.0,0.0,0.0,1.0,0.0,1.0,1.0,1.0,0.0,,2.0,2.0,1.0,2.0,2.0
PAT_017,53.0,1.0,1.0,2016-11-09,5.0,,1.0,1.0,1.0,2016-11-09 00:00:00,1.0,2017-01-19,0.0,2022-08-31,2126.0,1.0,0.0,1,92.0,0.0,1.0,0.0,0.0,0.0,1.0,0.0,0.0,0.0,0.0,0.0,0.0,0.0,0.0,0.0,0.0,0.0,0.0,0.0,153.0,170.0,52.9,36.9,154.0,93.0,,,101.0,2016-11-04,2016-11-04,0.0,2016-10-26,1.0,0.0,0.0,1.0,0.0,0.0,1.0,0.0,0.0,0.0,0.0,0.0,1.0,0.0,0.0,1.0,0.0,0.0,0.0,0.0,1.0,0.0,0.0,1.0,0.0,0.0,0.0,,,0.0,0.0,0.0,0.0,0.0,0.0,0.0,0.0,0.0,0.0,0.0,0.0,0.0,0.0,0.0,0.0,0.0,0.0,0.0,,,0.0,,2016-10-29,3.0,GASTRO-ENTEROLOGIE,,2016-11-09,12.0,2016-11-15,10.0,10.2,2.7,125.0,5.0,71,,8.0,125.0,,57.0,5.8,,,,2016-11-04,19.8,19.1,1.0,19.8,1.0,1.3,1.95,1.0,1.95,0.0,90.0,1.73333333333333,156.0,0.0,66.0,247.0,1.0,,,,27.0,,40.0,20.0,169.0,205.0,28.0,19,,,,1.0,0.0,,1.0,0.0,,,,0.0,0.0,,,0.0,,2016-11-04,bjn,1.0,1.0,1.0,0.0,1.0,0.0,0.0,0.0,0.0,1.0,1.0,1.0,1.0,1.0,0.0,0.0,0.0,0.0,1.0,0.0,1.0,0.0,1.0,1.0,0,1.0,1.0,0.0,1.0,0.0,0.0,0,0.0,0.0,0.0,1.0,0.0,0,0.0,0.0,0.0,1.0,1.0,1.0,0.0,1.0,0.0,0.0,1.0,1.0,0.0,1.0,0.0,1.0,1.0,0.0,1.0,0.0,2016-11-08,bjn,1.0,1.0,1.0,0.0,1.0,0.0,0.0,0.0,0.0,1.0,1.0,1.0,1.0,1.0,0.0,0.0,0.0,0.0,1.0,0.0,1.0,0.0,1.0,1.0,0.0,1.0,1.0,0.0,1.0,0.0,0.0,0,0.0,0.0,0.0,1.0,0.0,0,0.0,0.0,0.0,0.0,0.0,1.0,1.0,1.0,1.0,0.0,1.0,1.0,0.0,1.0,0.0,1.0,1.0,1.0,1.0,0.0,,,1.0,1.0,1.0,0.0,1.0,0.0,0.0,0.0,0.0,1.0,1.0,1.0,1.0,1.0,0.0,0.0,0.0,0.0,1.0,0.0,1.0,0.0,1.0,1.0,0.0,1.0,1.0,0.0,1.0,0.0,0.0,0.0,0.0,0.0,0.0,1.0,0.0,0.0,0.0,0.0,0.0,1.0,1.0,1.0,0.0,1.0,1.0,0.0,1.0,1.0,0.0,1.0,0.0,1.0,1.0,1.0,1.0,0.0,1.0,1.0,1.0,1.0,1.0,0.0,1.0,9.0,9.0,9.0,20.0,3.0
PAT_018,43.0,0.0,0.0,,1360.0,,0.0,0.0,,,,,0.0,2022-09-21,1360.0,1.0,1.0,0,94.0,0.0,1.0,0.0,0.0,0.0,0.0,0.0,0.0,0.0,0.0,0.0,0.0,0.0,0.0,0.0,0.0,0.0,0.0,0.0,92.0,172.0,31.1,37.0,129.0,90.0,3.0,1.0,114.0,2018-12-31,2018-12-31,0.0,2018-12-25,1.0,1.0,0.0,0.0,0.0,1.0,0.0,0.0,1.0,0.0,0.0,0.0,0.0,0.0,0.0,0.0,0.0,0.0,0.0,0.0,0.0,0.0,0.0,0.0,0.0,0.0,0.0,0.0,3.0,0.0,0.0,0.0,0.0,0.0,0.0,1.0,0.0,0.0,0.0,0.0,1.0,1.0,0.0,0.0,0.0,0.0,0.0,1.0,,1.0,0.0,,2019-01-02,8.0,SURVI,0.0,2019-01-09,8.0,2019-01-02,13.0,5.4,1.5,201.0,6.0,92,,2.0,201.0,,63.0,3.1,,77,52.0,2018-12-31,7.9,10.0,0.0,10.0,0.0,1.07,1.07,0.0,1.07,0.0,280.0,0.689285714285714,193.0,0.0,-87.0,280.0,1.0,0.0,,,23.0,34,21.0,14.0,79.0,90.0,12.0,5,298.0,,0.0,1.0,0.0,,1.0,0.0,,,,0.0,0.0,,,0.0,,2018-12-30,no bjn,0.0,0.0,1.0,0.0,1.0,0.0,0.0,0.0,1.0,1.0,1.0,1.0,0.0,0.0,0.0,0.0,0.0,0.0,1.0,0.0,1.0,0.0,1.0,1.0,0,1.0,1.0,1.0,1.0,0.0,0.0,0,0.0,0.0,0.0,1.0,0.0,0,0.0,0.0,0.0,1.0,1.0,1.0,0.0,1.0,,0.0,1.0,0.0,0.0,0.0,0.0,1.0,1.0,0.0,1.0,1.0,2019-01-01,no bjn,0.0,0.0,1.0,0.0,1.0,0.0,0.0,0.0,1.0,1.0,1.0,1.0,0.0,0.0,0.0,0.0,0.0,0.0,1.0,0.0,1.0,0.0,1.0,1.0,0.0,1.0,1.0,1.0,1.0,0.0,0.0,0,0.0,0.0,0.0,1.0,0.0,0,0.0,0.0,0.0,0.0,1.0,1.0,0.0,1.0,,1.0,1.0,0.0,0.0,0.0,0.0,1.0,1.0,0.0,1.0,1.0,,,0.0,0.0,1.0,0.0,1.0,0.0,0.0,0.0,1.0,1.0,1.0,1.0,0.0,0.0,0.0,0.0,0.0,0.0,1.0,0.0,1.0,0.0,1.0,1.0,0.0,1.0,1.0,1.0,1.0,0.0,0.0,0.0,0.0,0.0,0.0,1.0,0.0,0.0,0.0,0.0,0.0,1.0,1.0,1.0,0.0,1.0,0.0,1.0,1.0,0.0,0.0,0.0,0.0,1.0,1.0,0.0,1.0,1.0,1.0,0.0,1.0,1.0,1.0,0.0,,6.0,6.0,5.0,8.0,8.0
PAT_019,45.0,0.0,0.0,,3.0,,0.0,0.0,,,,,0.0,2016-03-01,3.0,1.0,1.0,1,75.0,0.0,0.0,0.0,0.0,0.0,0.0,0.0,0.0,0.0,0.0,0.0,0.0,0.0,0.0,0.0,0.0,0.0,0.0,0.0,69.0,181.0,21.1,37.5,109.0,74.0,2.0,0.0,111.0,2016-02-26,2016-02-27,0.0,2016-02-22,1.0,0.0,0.0,0.0,0.0,0.0,0.0,0.0,0.0,0.0,0.0,0.0,0.0,0.0,0.0,0.0,0.0,0.0,0.0,0.0,0.0,0.0,0.0,0.0,0.0,0.0,0.0,0.0,,0.0,0.0,0.0,0.0,1.0,0.0,0.0,0.0,1.0,0.0,0.0,1.0,1.0,0.0,0.0,0.0,0.0,0.0,0.0,,,0.0,,2016-03-01,8.0,SURVI,0.0,2016-03-11,11.0,2016-03-01,13.0,2.8,2.0,311.0,4.0,77,,1.0,361.0,,65.0,1.9,,55,,2016-02-26,7.0,5.7,0.0,7.0,0.0,0.76,0.79,0.0,0.79,0.0,43.0,1.97674418604651,85.0,0.0,42.0,85.0,0.0,0.15,,,25.0,34,59.0,50.0,103.0,95.0,18.0,8,,7.44,,1.0,0.0,,1.0,0.0,,,,0.0,0.0,,,0.0,,2016-03-01,bjn,1.0,0.0,1.0,0.0,1.0,1.0,0.0,0.0,0.0,0.0,1.0,1.0,1.0,0.0,0.0,0.0,1.0,0.0,0.0,1.0,0.0,0.0,0.0,0.0,0,0.0,0.0,0.0,1.0,0.0,0.0,0,0.0,0.0,0.0,1.0,0.0,0,0.0,0.0,0.0,0.0,1.0,0.0,0.0,0.0,0.0,0.0,1.0,0.0,0.0,0.0,0.0,0.0,0.0,0.0,1.0,0.0,2016-03-29,no bjn,1.0,0.0,1.0,0.0,1.0,0.0,0.0,0.0,0.0,0.0,0.0,0.0,1.0,0.0,0.0,0.0,1.0,0.0,0.0,1.0,0.0,0.0,0.0,0.0,0.0,0.0,0.0,0.0,1.0,0.0,0.0,0,0.0,0.0,0.0,1.0,0.0,0,0.0,0.0,0.0,0.0,1.0,0.0,0.0,0.0,0.0,0.0,1.0,0.0,0.0,0.0,0.0,0.0,0.0,0.0,1.0,0.0,,,1.0,0.0,1.0,0.0,1.0,1.0,0.0,0.0,0.0,0.0,1.0,1.0,1.0,0.0,0.0,0.0,1.0,0.0,0.0,1.0,0.0,0.0,0.0,0.0,0.0,0.0,0.0,0.0,1.0,0.0,0.0,0.0,0.0,0.0,0.0,1.0,0.0,0.0,0.0,0.0,0.0,0.0,1.0,0.0,0.0,0.0,0.0,0.0,1.0,0.0,0.0,0.0,0.0,0.0,0.0,0.0,1.0,0.0,0.0,0.0,0.0,0.0,,,,4.0,5.0,8.0,8.0,8.0
PAT_020,73.0,1.0,1.0,2021-07-11,9.0,,1.0,1.0,1.0,2021-07-12 00:00:00,1.0,2021-10-04,0.0,2023-01-25,572.0,1.0,1.0,0,77.0,0.0,1.0,0.0,1.0,1.0,0.0,0.0,0.0,0.0,0.0,0.0,0.0,0.0,0.0,0.0,0.0,0.0,0.0,0.0,80.0,161.0,30.9,36.7,121.0,93.0,3.0,1.0,43.0,2021-07-01,2021-07-02,0.0,2021-07-01,1.0,1.0,0.0,0.0,0.0,0.0,0.0,0.0,0.0,3.0,0.0,0.0,0.0,0.0,0.0,3.0,1.0,3.0,3.0,0.0,0.0,0.0,0.0,6.0,1.0,1.0,1.0,1.0,1.0,1.0,1.0,0.0,0.0,1.0,0.0,0.0,0.0,0.0,0.0,0.0,1.0,0.0,0.0,0.0,0.0,0.0,0.0,0.0,0.0,0.0,,,2021-07-02,1.0,REA BEAUJON,1.0,2021-07-10,9.0,,14.8,19,2.2,389.0,5.19,65,10649,,,10649,109.0,11.6,372,,53.0,2021-07-01,22.0,21.0,1.0,47.0,1.0,3.8,1.7,1.0,3.8,1.0,159.0,1.66666666666667,265.0,1.0,106.0,327.0,1.0,1.55,0.86,,15.0,66,19.0,9.0,17.0,55.0,6.0,4,,7.27,1.0,1.0,1.0,,1.0,1.0,2021-07-11,1.0,,0.0,1.0,170.0,100.0,0.0,,2021-07-02,no bjn,1.0,0.0,1.0,1.0,1.0,1.0,1.0,0.0,0.0,1.0,1.0,1.0,1.0,0.0,0.0,0.0,0.0,1.0,0.0,0.0,1.0,0.0,1.0,0.0,1,0.0,1.0,0.0,1.0,1.0,0.0,<25,0.0,0.0,0.0,1.0,0.0,0,0.0,0.0,0.0,1.0,1.0,1.0,0.0,1.0,0.0,1.0,1.0,0.0,0.0,0.0,0.0,1.0,1.0,0.0,0.0,1.0,2021-07-11,bjn,1.0,0.0,1.0,1.0,1.0,1.0,1.0,0.0,0.0,1.0,1.0,1.0,1.0,0.0,0.0,0.0,0.0,1.0,0.0,0.0,1.0,0.0,1.0,0.0,1.0,0.0,1.0,0.0,1.0,1.0,0.0,<25,0.0,0.0,0.0,1.0,0.0,0,0.0,0.0,0.0,1.0,0.0,1.0,1.0,0.0,0.0,0.0,1.0,1.0,0.0,0.0,0.0,1.0,1.0,0.0,0.0,1.0,,,1.0,0.0,1.0,1.0,1.0,1.0,1.0,0.0,0.0,1.0,1.0,1.0,1.0,0.0,0.0,0.0,0.0,1.0,0.0,0.0,1.0,0.0,1.0,0.0,1.0,0.0,1.0,0.0,1.0,1.0,0.0,,0.0,0.0,0.0,1.0,0.0,0.0,0.0,0.0,0.0,1.0,1.0,1.0,1.0,1.0,0.0,1.0,1.0,1.0,0.0,0.0,0.0,1.0,1.0,0.0,0.0,1.0,1.0,0.0,1.0,1.0,1.0,1.0,,0.0,1.0,1.0,,1.0
PAT_021,66.0,0.0,0.0,,186.0,,0.0,0.0,,,,,0.0,2023-04-03,186.0,1.0,0.0,0,93.0,1.0,1.0,0.0,0.0,1.0,0.0,0.0,0.0,0.0,0.0,0.0,0.0,0.0,0.0,0.0,1.0,0.0,0.0,0.0,76.0,171.0,26.0,36.7,127.0,89.0,2.0,0.0,,2022-09-29,2022-09-29,0.0,2022-09-28,1.0,0.0,0.0,1.0,0.0,0.0,0.0,0.0,0.0,0.0,0.0,0.0,0.0,0.0,0.0,0.0,0.0,0.0,0.0,0.0,0.0,0.0,0.0,0.0,0.0,0.0,0.0,0.0,2.0,0.0,0.0,0.0,0.0,0.0,0.0,1.0,0.0,1.0,0.0,0.0,1.0,0.0,0.0,0.0,0.0,0.0,0.0,0.0,0.0,1.0,,,2022-10-02,4.0,SURVI,0.0,2022-10-04,3.0,2022-10-03,13.0,4,1.0,268.0,5.0,57,,8.0,268.0,,56.0,5.1,,73,,2022-09-29,5.0,5.0,0.0,5.0,0.0,0.97,0.97,0.0,0.97,0.0,19.0,0.210526315789474,4.0,0.0,-15.0,19.0,0.0,,,,23.0,64,72.0,45.0,55.0,49.0,6.0,3,,7.37,,1.0,0.0,,1.0,0.0,,,,0.0,0.0,,,0.0,,2022-09-29,no bjn,1.0,0.0,1.0,0.0,1.0,0.0,0.0,0.0,0.0,0.0,0.0,1.0,1.0,0.0,0.0,0.0,1.0,0.0,0.0,0.0,0.0,1.0,1.0,1.0,0,1.0,1.0,1.0,1.0,0.0,0.0,0,0.0,0.0,0.0,1.0,0.0,0,0.0,0.0,0.0,1.0,1.0,1.0,0.0,1.0,0.0,0.0,1.0,0.0,0.0,0.0,0.0,1.0,1.0,0.0,0.0,1.0,2022-10-03,bjn,1.0,0.0,1.0,0.0,1.0,0.0,0.0,0.0,0.0,0.0,0.0,1.0,1.0,0.0,0.0,0.0,1.0,0.0,0.0,0.0,0.0,1.0,1.0,1.0,0.0,1.0,1.0,1.0,1.0,0.0,0.0,0,0.0,0.0,0.0,1.0,0.0,0,0.0,0.0,0.0,0.0,0.0,0.0,0.0,0.0,0.0,0.0,1.0,0.0,0.0,0.0,0.0,0.0,1.0,0.0,0.0,1.0,,,1.0,0.0,1.0,0.0,1.0,0.0,0.0,0.0,0.0,0.0,0.0,1.0,1.0,0.0,0.0,0.0,1.0,0.0,0.0,0.0,0.0,1.0,1.0,1.0,0.0,1.0,1.0,1.0,1.0,0.0,0.0,0.0,0.0,0.0,0.0,1.0,0.0,0.0,0.0,0.0,0.0,1.0,1.0,1.0,0.0,1.0,0.0,0.0,1.0,0.0,0.0,0.0,0.0,1.0,1.0,0.0,0.0,1.0,1.0,0.0,1.0,1.0,0.0,0.0,,1.0,1.0,1.0,5.0,4.0
PAT_022,63.0,1.0,0.0,,1172.0,,0.0,0.0,,,,,0.0,2022-11-25,1172.0,1.0,1.0,1,92.0,0.0,0.0,0.0,0.0,0.0,0.0,0.0,0.0,0.0,0.0,0.0,0.0,0.0,0.0,0.0,0.0,1.0,0.0,0.0,98.0,163.0,36.8,37.0,147.0,80.0,3.0,1.0,85.0,2019-09-10,2019-09-10,0.0,2019-09-03,1.0,1.0,0.0,1.0,0.0,1.0,0.0,0.0,0.0,0.0,0.0,0.0,0.0,0.0,0.0,0.0,0.0,0.0,3.0,0.0,0.0,0.0,0.0,3.0,1.0,1.0,0.0,1.0,1.0,0.0,0.0,0.0,0.0,1.0,0.0,0.0,0.0,1.0,0.0,0.0,1.0,0.0,0.0,0.0,0.0,0.0,0.0,0.0,,1.0,0.0,,2019-09-10,7.0,SURVI,0.0,2019-09-20,11.0,2019-09-10,12.0,7.2,2.2,333.0,5.0,87,,2.0,333.0,,66.0,5.3,,114,5.0,2019-09-10,10.3,10.0,0.0,11.0,0.0,0.89,0.84,0.0,1.0,0.0,59.0,3.47457627118644,205.0,1.0,146.0,205.0,1.0,0.13,,,23.0,,65.0,119.0,68.0,130.0,9.0,5,,,0.0,1.0,0.0,,1.0,0.0,,,,0.0,0.0,,,0.0,,2019-09-10,no bjn,1.0,0.0,1.0,0.0,1.0,0.0,0.0,1.0,1.0,1.0,1.0,1.0,1.0,0.0,0.0,0.0,1.0,0.0,0.0,1.0,0.0,0.0,0.0,0.0,0,0.0,0.0,0.0,1.0,0.0,0.0,0,0.0,0.0,0.0,1.0,0.0,0,0.0,0.0,0.0,1.0,1.0,1.0,0.0,1.0,0.0,1.0,1.0,0.0,0.0,0.0,0.0,1.0,1.0,0.0,0.0,0.0,2019-09-16,bjn,1.0,1.0,1.0,0.0,1.0,0.0,0.0,1.0,1.0,1.0,1.0,1.0,1.0,0.0,0.0,0.0,1.0,0.0,0.0,1.0,0.0,0.0,0.0,0.0,0.0,0.0,0.0,0.0,1.0,0.0,0.0,0,0.0,0.0,0.0,1.0,0.0,0,0.0,0.0,0.0,1.0,1.0,0.0,0.0,0.0,0.0,0.0,1.0,0.0,0.0,0.0,0.0,0.0,1.0,0.0,0.0,0.0,,,1.0,1.0,1.0,0.0,1.0,0.0,0.0,1.0,1.0,1.0,1.0,1.0,1.0,0.0,0.0,0.0,1.0,0.0,0.0,1.0,0.0,0.0,0.0,0.0,0.0,0.0,0.0,0.0,1.0,0.0,0.0,0.0,0.0,0.0,0.0,1.0,0.0,0.0,0.0,0.0,0.0,1.0,1.0,1.0,0.0,1.0,0.0,1.0,1.0,0.0,0.0,0.0,0.0,1.0,1.0,0.0,0.0,0.0,1.0,0.0,1.0,1.0,0.0,1.0,,7.0,7.0,7.0,7.0,7.0
PAT_023,87.0,0.0,0.0,,29.0,,0.0,0.0,,,,,0.0,2017-07-06,29.0,1.0,0.0,1,75.0,1.0,0.0,0.0,0.0,0.0,0.0,0.0,0.0,0.0,0.0,0.0,0.0,0.0,0.0,0.0,1.0,0.0,0.0,0.0,72.0,170.0,24.9,37.1,120.0,70.0,1.0,0.0,40.0,2017-06-07,2017-06-07,0.0,2017-06-03,1.0,0.0,0.0,0.0,0.0,0.0,0.0,0.0,1.0,3.0,0.0,0.0,0.0,1.0,0.0,4.0,1.0,3.0,0.0,0.0,0.0,1.0,0.0,4.0,1.0,1.0,0.0,,,1.0,,,,,,,,,,,0.0,0.0,0.0,0.0,0.0,0.0,,,,,,,2017-06-09,6.0,SURVI,0.0,2017-06-13,5.0,2017-06-09,10.0,3.3,0.6,175.0,,74,,1.0,175.0,,135.0,12.0,,,,2017-06-07,4.0,5.9,0.0,5.9,0.0,1.2,1.14,0.0,1.2,0.0,76.0,0.960526315789474,73.0,0.0,-3.0,76.0,0.0,2.02,,,23.0,,46.0,32.0,38.0,55.0,16.0,6,,,,1.0,1.0,,1.0,1.0,2017-06-09,,,0.0,0.0,,,0.0,,2017-06-03,no bjn,1.0,1.0,1.0,0.0,1.0,0.0,0.0,0.0,0.0,0.0,0.0,0.0,1.0,1.0,0.0,0.0,0.0,1.0,0.0,1.0,0.0,0.0,0.0,0.0,0,0.0,0.0,1.0,0.0,1.0,1.0,25-50,1.0,0.0,0.0,0.0,1.0,50-75,1.0,1.0,0.0,0.0,1.0,1.0,0.0,1.0,0.0,0.0,1.0,0.0,0.0,0.0,0.0,1.0,0.0,0.0,0.0,1.0,2017-06-09,bjn,1.0,1.0,1.0,0.0,1.0,0.0,0.0,0.0,0.0,0.0,0.0,0.0,1.0,1.0,0.0,0.0,0.0,1.0,0.0,1.0,0.0,0.0,0.0,0.0,0.0,0.0,0.0,1.0,0.0,1.0,1.0,25-50,1.0,0.0,0.0,0.0,1.0,50-75,1.0,1.0,0.0,0.0,0.0,1.0,0.0,1.0,0.0,0.0,1.0,0.0,0.0,0.0,0.0,1.0,0.0,0.0,0.0,1.0,,,1.0,1.0,1.0,0.0,1.0,0.0,0.0,0.0,0.0,0.0,0.0,0.0,1.0,1.0,0.0,0.0,0.0,1.0,0.0,1.0,0.0,0.0,0.0,0.0,0.0,0.0,0.0,1.0,0.0,1.0,1.0,,1.0,0.0,0.0,0.0,1.0,,1.0,1.0,0.0,0.0,1.0,1.0,0.0,1.0,0.0,0.0,1.0,0.0,0.0,0.0,0.0,1.0,0.0,0.0,0.0,1.0,1.0,0.0,1.0,1.0,1.0,,,4.0,4.0,0.0,6.0,6.0
PAT_024,29.0,0.0,0.0,,1535.0,,0.0,0.0,,,,,0.0,2023-03-13,1535.0,1.0,0.0,0,91.0,0.0,0.0,0.0,0.0,0.0,0.0,0.0,0.0,0.0,0.0,0.0,0.0,0.0,0.0,0.0,0.0,0.0,0.0,1.0,100.0,171.0,34.2,36.5,103.0,59.0,3.0,1.0,125.0,2018-12-29,2018-12-29,0.0,2018-12-21,1.0,1.0,0.0,1.0,0.0,0.0,0.0,0.0,0.0,0.0,0.0,0.0,0.0,0.0,0.0,0.0,0.0,0.0,0.0,0.0,0.0,0.0,0.0,0.0,0.0,0.0,0.0,0.0,,0.0,0.0,0.0,0.0,0.0,0.0,0.0,0.0,0.0,0.0,0.0,0.0,1.0,0.0,0.0,0.0,0.0,0.0,1.0,,,,,2018-12-30,9.0,SURVI,0.0,2019-01-07,9.0,2018-12-30,12.0,3.2,2.8,280.0,,93,,1.0,280.0,,65.0,,308,104,,2018-12-29,7.0,5.8,0.0,7.4,0.0,0.7,0.75,0.0,1.53,0.0,98.0,1.20408163265306,118.0,0.0,20.0,130.0,0.0,0.09,,,27.0,64,35.0,47.0,44.0,90.0,11.0,,,,0.0,0.0,,,0.0,0.0,,,,0.0,0.0,,,0.0,,2018-12-30,no bjn,0.0,1.0,1.0,0.0,1.0,0.0,0.0,0.0,0.0,1.0,1.0,1.0,1.0,1.0,1.0,1.0,1.0,0.0,0.0,0.0,1.0,0.0,1.0,0.0,1,0.0,1.0,0.0,1.0,0.0,0.0,0,0.0,0.0,0.0,1.0,0.0,0,0.0,0.0,0.0,0.0,0.0,0.0,0.0,0.0,,0.0,1.0,0.0,0.0,0.0,0.0,0.0,1.0,0.0,1.0,0.0,2018-12-31,bjn,1.0,0.0,1.0,0.0,1.0,0.0,0.0,0.0,0.0,1.0,1.0,1.0,1.0,1.0,1.0,1.0,1.0,0.0,0.0,0.0,1.0,0.0,1.0,0.0,1.0,0.0,1.0,0.0,1.0,0.0,0.0,0,0.0,0.0,0.0,1.0,0.0,0,0.0,0.0,0.0,0.0,0.0,0.0,0.0,0.0,0.0,0.0,1.0,0.0,0.0,0.0,0.0,0.0,1.0,0.0,1.0,0.0,,,1.0,1.0,1.0,0.0,1.0,0.0,0.0,0.0,0.0,1.0,1.0,1.0,1.0,1.0,1.0,1.0,1.0,0.0,0.0,0.0,1.0,0.0,1.0,0.0,1.0,0.0,1.0,0.0,1.0,0.0,0.0,0.0,0.0,0.0,0.0,1.0,0.0,0.0,0.0,0.0,0.0,0.0,0.0,0.0,0.0,0.0,0.0,0.0,1.0,0.0,0.0,0.0,0.0,0.0,1.0,0.0,1.0,0.0,0.0,0.0,0.0,0.0,,,,8.0,8.0,9.0,9.0,9.0
PAT_025,37.0,0.0,1.0,2018-05-06,0.0,,1.0,1.0,1.0,06/05/2018 et 07/05/2018,2.0,2018-09-26,0.0,2023-04-24,1814.0,3.0,0.0,0,91.0,0.0,0.0,0.0,0.0,0.0,0.0,0.0,0.0,0.0,0.0,0.0,0.0,0.0,0.0,0.0,0.0,0.0,0.0,0.0,100.0,190.0,27.7,38.5,96.0,55.0,3.0,1.0,38.0,2018-05-06,2018-05-06,0.0,2018-05-05,1.0,1.0,0.0,0.0,0.0,0.0,0.0,1.0,1.0,0.0,0.0,0.0,1.0,2.0,0.0,3.0,1.0,0.0,3.0,0.0,1.0,2.0,0.0,6.0,1.0,1.0,1.0,1.0,4.0,0.0,0.0,0.0,0.0,0.0,0.0,0.0,0.0,0.0,0.0,0.0,0.0,0.0,0.0,0.0,0.0,0.0,0.0,0.0,,,,,2018-05-07,2.0,REA BEAUJON,1.0,2018-05-12,6.0,2018-08-06,14.4,,,108.0,,,,,,,263.0,,,,,2018-05-05,8.008,12.5,1.0,12.5,0.0,,,,,,47.0,1.48936170212766,70.0,0.0,23.0,70.0,0.0,,,,,,,,,,,,,7.23,,1.0,0.0,,1.0,0.0,,,,0.0,1.0,130.0,100.0,0.0,,2018-05-06,no bjn,1.0,0.0,0.0,0.0,1.0,,,,,,,,,,,,,,,,,,,,,,,,,0.0,0.0,0,0.0,0.0,,,0.0,,,,,1.0,1.0,,,,0.0,,1.0,0.0,0.0,0.0,0.0,1.0,1.0,0.0,0.0,0.0,,,,,,,,,,,,,,,,,,,,,,,,,,,,,,,,,,,,,,,,,,,,,,,,,,,,,,,,,,,,,,,1.0,0.0,0.0,0.0,1.0,0.0,0.0,0.0,0.0,0.0,0.0,0.0,0.0,0.0,0.0,0.0,0.0,0.0,0.0,0.0,0.0,0.0,0.0,0.0,0.0,0.0,0.0,0.0,0.0,0.0,0.0,0.0,0.0,0.0,0.0,0.0,0.0,0.0,0.0,0.0,0.0,1.0,1.0,0.0,0.0,0.0,0.0,0.0,1.0,0.0,0.0,0.0,0.0,1.0,1.0,0.0,0.0,0.0,0.0,0.0,0.0,0.0,,,,1.0,1.0,1.0,93.0,2.0
PAT_026,73.0,0.0,0.0,,295.0,,0.0,0.0,,,,,0.0,2023-04-14,295.0,3.0,1.0,1,92.0,0.0,1.0,1.0,0.0,0.0,1.0,0.0,0.0,0.0,0.0,0.0,0.0,0.0,0.0,0.0,0.0,0.0,0.0,0.0,103.0,175.0,33.6,38.9,120.0,66.0,,,77.0,2022-06-23,2022-06-23,0.0,2022-06-23,1.0,1.0,0.0,0.0,0.0,0.0,0.0,1.0,1.0,0.0,0.0,0.0,1.0,0.0,0.0,1.0,0.0,0.0,0.0,0.0,1.0,0.0,0.0,1.0,0.0,0.0,1.0,0.0,1.0,0.0,0.0,0.0,0.0,0.0,0.0,0.0,0.0,0.0,0.0,0.0,0.0,1.0,0.0,0.0,0.0,0.0,0.0,0.0,0.0,1.0,,,2022-06-30,7.0,SURVI,1.0,2022-07-05,6.0,2022-06-23,12.0,7.8,0.7,111.0,8.0,59,2912,2.0,111.0,2912,86.0,4.6,304,110,,2022-06-23,9.0,12.0,0.0,12.0,0.0,2.1,2.5,1.0,2.5,1.0,349.0,0.699140401146132,244.0,1.0,-105.0,349.0,1.0,11.0,,,24.0,22,35.0,32.0,214.0,153.0,32.0,24,,7.4,1.0,1.0,1.0,,1.0,1.0,2022-06-23,,,0.0,0.0,,,0.0,,2022-06-23,bjn,1.0,1.0,1.0,0.0,1.0,0.0,0.0,0.0,1.0,1.0,1.0,1.0,0.0,0.0,0.0,0.0,1.0,0.0,0.0,1.0,0.0,0.0,0.0,0.0,0,0.0,0.0,0.0,1.0,0.0,0.0,0,0.0,0.0,0.0,1.0,0.0,0,0.0,0.0,0.0,0.0,1.0,0.0,0.0,0.0,0.0,0.0,1.0,1.0,0.0,0.0,0.0,0.0,0.0,0.0,0.0,0.0,2022-06-27,bjn,1.0,1.0,1.0,0.0,1.0,0.0,0.0,0.0,1.0,1.0,1.0,1.0,0.0,0.0,0.0,0.0,1.0,0.0,0.0,1.0,0.0,0.0,0.0,0.0,0.0,0.0,0.0,0.0,1.0,0.0,0.0,0,0.0,0.0,0.0,1.0,0.0,0,0.0,0.0,0.0,0.0,1.0,0.0,0.0,0.0,0.0,0.0,1.0,1.0,0.0,0.0,0.0,0.0,0.0,0.0,0.0,0.0,,,1.0,1.0,1.0,0.0,1.0,0.0,0.0,0.0,1.0,1.0,1.0,1.0,0.0,0.0,0.0,0.0,1.0,0.0,0.0,1.0,0.0,0.0,0.0,0.0,0.0,0.0,0.0,0.0,1.0,0.0,0.0,0.0,0.0,0.0,0.0,1.0,0.0,0.0,0.0,0.0,0.0,0.0,1.0,0.0,0.0,0.0,0.0,0.0,1.0,1.0,0.0,0.0,0.0,0.0,0.0,0.0,0.0,0.0,0.0,0.0,0.0,0.0,,,,0.0,0.0,0.0,0.0,7.0
PAT_027,65.0,0.0,1.0,2018-07-25,1.0,,0.0,,,2018-07-25 00:00:00,1.0,2018-10-18,0.0,2020-09-29,798.0,1.0,1.0,1,75.0,1.0,0.0,0.0,0.0,0.0,0.0,0.0,0.0,0.0,0.0,0.0,0.0,0.0,0.0,0.0,0.0,0.0,0.0,0.0,88.0,183.0,26.3,36.0,122.0,83.0,2.0,0.0,42.0,2018-07-24,2018-07-24,0.0,2018-07-22,1.0,1.0,0.0,0.0,0.0,0.0,0.0,1.0,1.0,3.0,0.0,0.0,0.0,1.0,0.0,4.0,1.0,3.0,3.0,0.0,0.0,1.0,0.0,7.0,1.0,1.0,1.0,1.0,,1.0,0.0,0.0,0.0,0.0,,0.0,0.0,0.0,0.0,0.0,0.0,0.0,0.0,0.0,0.0,0.0,0.0,0.0,,,0.0,,2018-07-24,2.0,REA BEAUJON,1.0,2018-07-30,7.0,2018-07-24,18.0,10,1.9,196.0,,,,2.0,196.0,,146.0,,387,80,5.0,2018-07-24,14.4,35.0,1.0,35.0,1.0,3.08,5.19,1.0,5.19,1.0,152.0,1.33552631578947,203.0,1.0,51.0,203.0,1.0,,,,17.0,77,26.0,28.0,64.0,113.0,18.0,10,,7.3,,1.0,0.0,,1.0,1.0,2018-08-01,,,0.0,0.0,,,0.0,,2018-07-24,bjn,0.0,0.0,1.0,0.0,1.0,1.0,1.0,1.0,1.0,1.0,1.0,1.0,1.0,1.0,1.0,1.0,0.0,1.0,0.0,0.0,0.0,1.0,1.0,0.0,1,1.0,1.0,0.0,1.0,0.0,0.0,0,0.0,0.0,0.0,1.0,0.0,0,0.0,0.0,0.0,1.0,1.0,1.0,0.0,1.0,,1.0,1.0,0.0,0.0,0.0,0.0,1.0,1.0,0.0,0.0,0.0,,,,,,,,,,,,,,,,,,,,,,,,,,,,,,,,,,,,,,,,,,,,,,,,,,,,,,,,,,,,,,,0.0,0.0,1.0,0.0,1.0,1.0,1.0,1.0,1.0,1.0,1.0,1.0,1.0,1.0,1.0,1.0,0.0,1.0,0.0,0.0,0.0,1.0,1.0,0.0,1.0,1.0,1.0,0.0,1.0,0.0,0.0,0.0,0.0,0.0,0.0,1.0,0.0,0.0,0.0,0.0,0.0,1.0,1.0,1.0,0.0,1.0,0.0,1.0,1.0,0.0,0.0,0.0,0.0,1.0,1.0,0.0,0.0,0.0,1.0,0.0,1.0,1.0,,,,2.0,2.0,2.0,2.0,2.0
PAT_028,38.0,1.0,0.0,,2418.0,,0.0,0.0,,,,,0.0,2023-05-15,2418.0,3.0,0.0,1,92.0,0.0,0.0,0.0,0.0,0.0,0.0,0.0,0.0,0.0,0.0,0.0,0.0,0.0,0.0,0.0,0.0,0.0,0.0,1.0,74.0,169.0,25.9,,164.0,105.0,1.0,0.0,136.0,2016-09-30,2016-09-30,0.0,2016-09-29,1.0,0.0,0.0,1.0,0.0,0.0,0.0,0.0,0.0,0.0,0.0,0.0,0.0,0.0,0.0,0.0,0.0,0.0,0.0,0.0,0.0,0.0,0.0,0.0,0.0,0.0,0.0,0.0,1.0,0.0,0.0,1.0,0.0,0.0,0.0,0.0,0.0,0.0,0.0,0.0,1.0,0.0,0.0,0.0,0.0,0.0,0.0,0.0,,1.0,0.0,,2016-09-30,1.0,REA BEAUJON,0.0,2016-10-01,2.0,2016-09-30,13.0,3.9,1.4,241.0,,90,,1.0,244.0,,50.0,1.8,,,,2016-09-30,7.8,12.0,0.0,12.0,0.0,0.78,0.81,0.0,0.81,0.0,82.0,2.85365853658537,234.0,1.0,152.0,253.0,1.0,0.05,,,28.0,,,,,,,,,,,1.0,0.0,,1.0,1.0,2016-10-14,,,0.0,0.0,,,0.0,,2016-09-24,bjn,1.0,1.0,1.0,0.0,1.0,0.0,0.0,0.0,0.0,0.0,1.0,0.0,0.0,0.0,0.0,0.0,1.0,0.0,0.0,1.0,0.0,0.0,0.0,0.0,0,0.0,0.0,0.0,0.0,0.0,0.0,0,0.0,0.0,0.0,1.0,0.0,0,0.0,0.0,0.0,0.0,0.0,0.0,0.0,0.0,0.0,0.0,1.0,0.0,0.0,0.0,0.0,0.0,1.0,0.0,0.0,0.0,2016-09-30,bjn,0.0,0.0,1.0,0.0,1.0,0.0,0.0,0.0,0.0,0.0,1.0,0.0,0.0,0.0,0.0,0.0,1.0,0.0,0.0,1.0,0.0,0.0,0.0,0.0,0.0,0.0,0.0,0.0,0.0,0.0,0.0,0,0.0,0.0,0.0,1.0,0.0,0,0.0,0.0,0.0,0.0,0.0,0.0,0.0,0.0,,0.0,1.0,0.0,0.0,0.0,0.0,0.0,1.0,0.0,0.0,0.0,,,1.0,1.0,1.0,0.0,1.0,0.0,0.0,0.0,0.0,0.0,1.0,0.0,0.0,0.0,0.0,0.0,1.0,0.0,0.0,1.0,0.0,0.0,0.0,0.0,0.0,0.0,0.0,0.0,0.0,0.0,0.0,0.0,0.0,0.0,0.0,1.0,0.0,0.0,0.0,0.0,0.0,0.0,0.0,0.0,0.0,0.0,0.0,0.0,1.0,0.0,0.0,0.0,0.0,0.0,1.0,0.0,0.0,0.0,0.0,0.0,0.0,0.0,,,,1.0,1.0,,1.0,1.0
PAT_029,60.0,1.0,0.0,,773.0,,0.0,0.0,,,,,0.0,2020-11-02,773.0,1.0,1.0,0,94.0,0.0,1.0,0.0,0.0,1.0,0.0,0.0,0.0,0.0,0.0,0.0,0.0,0.0,0.0,0.0,0.0,0.0,0.0,1.0,74.0,170.0,25.6,37.0,150.0,90.0,3.0,1.0,98.0,2018-09-20,2018-09-21,1.0,2018-09-18,1.0,1.0,0.0,0.0,1.0,0.0,0.0,0.0,0.0,0.0,0.0,0.0,0.0,0.0,0.0,0.0,0.0,0.0,0.0,0.0,0.0,0.0,0.0,0.0,0.0,0.0,0.0,0.0,,0.0,0.0,0.0,0.0,0.0,0.0,0.0,0.0,1.0,0.0,0.0,0.0,0.0,0.0,0.0,0.0,0.0,0.0,0.0,,1.0,0.0,,2018-09-22,4.0,SURVI,0.0,2018-10-01,10.0,2018-09-23,11.0,5.7,2.0,344.0,,107,,2.0,344.0,,54.0,2.9,202,46,,2018-09-20,10.9,8.1,0.0,10.9,0.0,1.28,0.9,0.0,1.28,0.0,257.0,0.533073929961089,137.0,0.0,-120.0,257.0,1.0,0.56,,,24.0,25,24.0,17.0,133.0,115.0,9.0,5,,,,1.0,0.0,,1.0,0.0,,,,0.0,0.0,,,0.0,,2018-09-20,no bjn,1.0,1.0,1.0,0.0,1.0,0.0,0.0,1.0,1.0,1.0,0.0,0.0,1.0,0.0,0.0,0.0,0.0,1.0,0.0,0.0,0.0,1.0,1.0,1.0,0,1.0,1.0,1.0,1.0,0.0,0.0,0,0.0,0.0,0.0,1.0,0.0,0,0.0,0.0,0.0,0.0,0.0,0.0,0.0,0.0,0.0,0.0,1.0,0.0,0.0,0.0,0.0,0.0,0.0,0.0,0.0,0.0,2018-09-22,no bjn,1.0,0.0,1.0,0.0,1.0,0.0,0.0,1.0,1.0,1.0,0.0,1.0,1.0,0.0,0.0,0.0,0.0,1.0,0.0,0.0,0.0,1.0,1.0,1.0,0.0,1.0,1.0,1.0,1.0,0.0,0.0,0,0.0,0.0,0.0,1.0,0.0,0,0.0,0.0,0.0,0.0,0.0,0.0,0.0,0.0,0.0,0.0,1.0,0.0,0.0,0.0,0.0,0.0,1.0,0.0,0.0,0.0,,,1.0,1.0,1.0,0.0,1.0,0.0,0.0,1.0,1.0,1.0,0.0,1.0,1.0,0.0,0.0,0.0,0.0,1.0,0.0,0.0,0.0,1.0,1.0,1.0,0.0,1.0,1.0,1.0,1.0,0.0,0.0,0.0,0.0,0.0,0.0,1.0,0.0,0.0,0.0,0.0,0.0,0.0,0.0,0.0,0.0,0.0,0.0,0.0,1.0,0.0,0.0,0.0,0.0,0.0,1.0,0.0,0.0,0.0,0.0,0.0,0.0,0.0,,,,2.0,3.0,2.0,5.0,4.0
PAT_030,60.0,0.0,0.0,,1625.0,,0.0,0.0,,,,,0.0,2023-01-06,1625.0,1.0,1.0,0,78.0,1.0,0.0,0.0,0.0,0.0,0.0,0.0,0.0,0.0,0.0,0.0,0.0,0.0,0.0,0.0,1.0,0.0,0.0,1.0,77.0,178.0,24.3,37.0,109.0,80.0,3.0,1.0,96.0,2018-07-25,2018-07-26,1.0,2018-07-25,1.0,0.0,0.0,1.0,0.0,0.0,0.0,0.0,0.0,0.0,0.0,0.0,0.0,0.0,1.0,1.0,0.0,0.0,0.0,0.0,0.0,0.0,1.0,1.0,0.0,0.0,0.0,0.0,,0.0,0.0,0.0,0.0,0.0,1.0,0.0,0.0,0.0,0.0,0.0,1.0,0.0,0.0,0.0,0.0,0.0,0.0,0.0,,1.0,0.0,,2018-07-26,1.0,SURVI,0.0,2018-08-02,8.0,2018-07-26,15.0,9.4,1.0,163.0,2.0,46,5272,2.0,163.0,5272,65.0,5.3,,28,0.0,2018-07-25,15.4,8.0,0.0,15.4,1.0,1.3,0.9,0.0,1.35,0.0,5.0,23.8,119.0,0.0,114.0,119.0,0.0,0.11,0.18,,19.0,30,27.0,19.0,59.0,43.0,54.0,13,,,,1.0,0.0,,1.0,0.0,,,,0.0,0.0,,,0.0,,2018-07-26,no bjn,1.0,0.0,1.0,0.0,1.0,0.0,0.0,0.0,0.0,1.0,1.0,1.0,0.0,0.0,0.0,0.0,1.0,0.0,0.0,0.0,1.0,0.0,1.0,0.0,1,1.0,1.0,1.0,1.0,0.0,0.0,0,0.0,0.0,0.0,1.0,0.0,0,0.0,0.0,0.0,0.0,1.0,1.0,0.0,1.0,0.0,0.0,1.0,0.0,0.0,0.0,0.0,1.0,1.0,0.0,1.0,1.0,,,,,,,,,,,,,,,,,,,,,,,,,,,,,,,,,,,,,,,,,,,,,,,,,,,,,,,,,,,,,,,1.0,0.0,1.0,0.0,1.0,0.0,0.0,0.0,0.0,1.0,1.0,1.0,0.0,0.0,0.0,0.0,1.0,0.0,0.0,0.0,1.0,0.0,1.0,0.0,1.0,1.0,1.0,1.0,1.0,0.0,0.0,0.0,0.0,0.0,0.0,1.0,0.0,0.0,0.0,0.0,0.0,0.0,1.0,1.0,0.0,1.0,0.0,0.0,1.0,0.0,0.0,0.0,0.0,1.0,1.0,0.0,1.0,1.0,1.0,0.0,1.0,1.0,,,,0.0,1.0,1.0,1.0,1.0
PAT_031,89.0,1.0,0.0,,198.0,,0.0,0.0,,,,,1.0,2019-02-25,198.0,1.0,1.0,1,75.0,0.0,1.0,0.0,0.0,1.0,0.0,0.0,0.0,0.0,0.0,0.0,1.0,0.0,0.0,0.0,0.0,0.0,1.0,0.0,53.0,160.0,20.7,36.8,134.0,57.0,1.0,0.0,31.0,2018-08-11,2018-08-11,0.0,2018-08-08,1.0,0.0,0.0,1.0,0.0,0.0,0.0,1.0,0.0,0.0,0.0,0.0,0.0,1.0,0.0,1.0,0.0,0.0,0.0,0.0,0.0,1.0,0.0,1.0,0.0,0.0,0.0,0.0,,0.0,0.0,0.0,0.0,0.0,0.0,0.0,0.0,0.0,0.0,0.0,0.0,0.0,0.0,1.0,0.0,0.0,0.0,0.0,,1.0,0.0,,2018-08-11,3.0,SURVI,0.0,2018-08-20,10.0,2018-08-12,11.0,11,0.8,214.0,,86,,2.0,214.0,,118.0,12.0,,67,,2018-08-11,12.7,13.4,1.0,13.0,0.0,1.4,2.02,1.0,2.02,1.0,100.0,1.72,172.0,0.0,72.0,172.0,0.0,0.23,,,16.0,31,23.0,13.0,56.0,115.0,28.0,14,,,,1.0,0.0,,1.0,1.0,2018-08-13,,,0.0,0.0,,,0.0,,2018-08-11,no bjn,0.0,0.0,1.0,0.0,1.0,0.0,0.0,0.0,1.0,1.0,0.0,1.0,1.0,0.0,0.0,0.0,1.0,0.0,0.0,0.0,1.0,0.0,1.0,1.0,0,1.0,0.0,1.0,0.0,1.0,0.0,<25,0.0,0.0,0.0,0.0,1.0,50-75,1.0,1.0,0.0,,0.0,1.0,1.0,1.0,0.0,0.0,1.0,0.0,0.0,0.0,0.0,1.0,1.0,0.0,0.0,0.0,,,,,,,,,,,,,,,,,,,,,,,,,,,,,,,,,,,,,,,,,,,,,,,,,,,,,,,,,,,,,,,0.0,0.0,1.0,0.0,1.0,0.0,0.0,0.0,1.0,1.0,0.0,1.0,1.0,0.0,0.0,0.0,1.0,0.0,0.0,0.0,1.0,0.0,1.0,1.0,0.0,1.0,0.0,1.0,0.0,1.0,0.0,,0.0,0.0,0.0,0.0,1.0,,1.0,1.0,0.0,0.0,0.0,1.0,1.0,1.0,0.0,0.0,1.0,0.0,0.0,0.0,0.0,1.0,1.0,0.0,0.0,0.0,1.0,0.0,1.0,1.0,,,,3.0,3.0,3.0,4.0,3.0
PAT_032,54.0,0.0,0.0,,2390.0,,0.0,0.0,,,,,0.0,2023-02-06,2390.0,3.0,1.0,0,93.0,1.0,1.0,0.0,0.0,0.0,0.0,0.0,0.0,0.0,0.0,0.0,0.0,0.0,0.0,0.0,0.0,0.0,0.0,0.0,96.0,180.0,29.6,37.1,140.0,70.0,2.0,0.0,66.0,2016-07-22,2016-07-22,0.0,2016-07-21,1.0,0.0,1.0,1.0,0.0,0.0,0.0,1.0,1.0,0.0,0.0,0.0,1.0,1.0,2.0,4.0,1.0,0.0,0.0,0.0,1.0,1.0,1.0,3.0,0.0,1.0,1.0,0.0,,0.0,0.0,0.0,0.0,0.0,0.0,0.0,0.0,0.0,0.0,0.0,0.0,0.0,0.0,0.0,0.0,0.0,0.0,0.0,,1.0,0.0,,2016-07-23,2.0,SURVI,0.0,2016-08-02,11.0,2016-07-23,16.0,15.3,2.6,126.0,3.0,48,,2.0,130.0,,126.0,13.4,293,70,183.0,2016-07-22,19.9,17.5,1.0,19.9,1.0,8.9,2.02,1.0,8.9,1.0,108.0,1.93518518518519,209.0,1.0,101.0,209.0,1.0,3.47,2.73,,22.0,42,22.0,11.0,52.0,59.0,20.0,8,,,1.0,1.0,0.0,,1.0,0.0,,,,0.0,0.0,,,0.0,,2016-07-22,no bjn,1.0,0.0,1.0,1.0,1.0,0.0,0.0,0.0,1.0,1.0,1.0,1.0,1.0,1.0,1.0,1.0,1.0,0.0,0.0,0.0,0.0,1.0,1.0,0.0,1,1.0,1.0,0.0,1.0,0.0,0.0,0,0.0,0.0,0.0,1.0,0.0,0,0.0,0.0,0.0,1.0,1.0,1.0,0.0,1.0,0.0,1.0,1.0,0.0,0.0,0.0,0.0,1.0,0.0,0.0,0.0,1.0,2016-08-22,bjn,0.0,0.0,1.0,0.0,1.0,0.0,0.0,0.0,0.0,1.0,0.0,0.0,1.0,0.0,0.0,0.0,1.0,0.0,0.0,1.0,0.0,0.0,1.0,0.0,1.0,0.0,1.0,1.0,1.0,0.0,0.0,0,0.0,0.0,0.0,1.0,0.0,0,0.0,0.0,0.0,1.0,0.0,0.0,0.0,0.0,0.0,0.0,1.0,0.0,0.0,0.0,0.0,0.0,0.0,0.0,0.0,1.0,,,1.0,0.0,1.0,1.0,1.0,0.0,0.0,0.0,1.0,1.0,1.0,1.0,1.0,1.0,1.0,1.0,1.0,0.0,0.0,1.0,0.0,1.0,1.0,0.0,1.0,1.0,1.0,1.0,1.0,0.0,0.0,0.0,0.0,0.0,0.0,1.0,0.0,0.0,0.0,0.0,0.0,1.0,1.0,1.0,0.0,1.0,0.0,1.0,1.0,0.0,0.0,0.0,0.0,1.0,0.0,0.0,0.0,1.0,1.0,0.0,1.0,1.0,0.0,1.0,,1.0,1.0,1.0,2.0,2.0
PAT_033,29.0,1.0,1.0,2021-12-30,1.0,,0.0,,,2021-12-30 00:00:00,1.0,2022-03-11,0.0,2023-04-17,474.0,1.0,1.0,0,91.0,0.0,0.0,0.0,0.0,0.0,0.0,0.0,0.0,0.0,0.0,0.0,0.0,0.0,0.0,0.0,0.0,0.0,0.0,0.0,55.0,158.0,22.0,36.0,138.0,78.0,3.0,1.0,51.0,2021-12-29,2021-12-29,0.0,2021-12-23,1.0,1.0,0.0,1.0,0.0,1.0,0.0,1.0,1.0,0.0,0.0,0.0,0.0,1.0,0.0,1.0,0.0,0.0,3.0,0.0,0.0,1.0,0.0,4.0,1.0,1.0,1.0,1.0,,0.0,1.0,1.0,0.0,0.0,0.0,0.0,0.0,0.0,0.0,0.0,1.0,0.0,0.0,0.0,0.0,0.0,0.0,0.0,0.0,,0.0,,2021-12-31,8.0,SURVI,0.0,2022-01-13,14.0,2021-12-30,13.0,46.3,1.0,266.0,3.0,50,3243,2.0,266.0,3243,125.0,4.9,,205,266.0,2021-12-29,21.0,32.0,1.0,40.0,1.0,6.0,2.0,1.0,6.0,1.0,49.0,2.12244897959184,104.0,0.0,55.0,216.0,1.0,1.0,,,15.0,161,52.0,31.0,35.0,41.0,16.0,9,,7.31,1.0,1.0,0.0,,1.0,0.0,,,,0.0,1.0,160.0,100.0,0.0,,2021-12-30,no bjn,1.0,0.0,1.0,0.0,1.0,1.0,1.0,1.0,1.0,1.0,1.0,1.0,1.0,0.0,0.0,0.0,0.0,0.0,1.0,0.0,0.0,1.0,1.0,0.0,1,1.0,1.0,0.0,1.0,0.0,0.0,0,0.0,0.0,0.0,1.0,0.0,0,0.0,0.0,0.0,1.0,1.0,1.0,0.0,1.0,0.0,0.0,1.0,0.0,0.0,0.0,0.0,1.0,1.0,0.0,1.0,0.0,,,,,,,,,,,,,,,,,,,,,,,,,,,,,,,,,,,,,,,,,,,,,,,,,,,,,,,,,,,,,,,1.0,0.0,1.0,0.0,1.0,1.0,1.0,1.0,1.0,1.0,1.0,1.0,1.0,0.0,0.0,0.0,0.0,0.0,1.0,0.0,0.0,1.0,1.0,0.0,1.0,1.0,1.0,0.0,1.0,0.0,0.0,0.0,0.0,0.0,0.0,1.0,0.0,0.0,0.0,0.0,0.0,1.0,1.0,1.0,0.0,1.0,0.0,0.0,1.0,0.0,0.0,0.0,0.0,1.0,1.0,0.0,1.0,0.0,1.0,0.0,1.0,1.0,,,,6.0,6.0,7.0,7.0,8.0
PAT_034,39.0,0.0,0.0,,608.0,,0.0,0.0,,,,,0.0,2023-05-22,608.0,1.0,0.0,0,77.0,1.0,1.0,0.0,0.0,0.0,1.0,0.0,0.0,0.0,0.0,0.0,0.0,0.0,0.0,0.0,0.0,0.0,0.0,1.0,120.0,174.0,39.6,37.3,139.0,90.0,3.0,1.0,122.0,2021-09-21,2021-09-21,0.0,2021-09-20,1.0,1.0,1.0,1.0,0.0,1.0,0.0,0.0,1.0,0.0,0.0,0.0,0.0,0.0,1.0,1.0,0.0,0.0,3.0,0.0,0.0,0.0,1.0,4.0,1.0,1.0,1.0,1.0,2.0,0.0,0.0,0.0,0.0,0.0,1.0,0.0,0.0,0.0,0.0,0.0,1.0,0.0,0.0,0.0,0.0,0.0,0.0,0.0,0.0,1.0,0.0,,2021-09-25,5.0,SURVI,0.0,2021-10-01,7.0,2021-09-22,15.0,8.2,0.3,196.0,4.0,67,,1.0,196.0,,58.0,,,,4.0,2021-09-21,9.0,6.0,0.0,9.0,0.0,1.3,0.97,0.0,1.3,0.0,82.0,1.9390243902439,159.0,0.0,77.0,176.0,0.0,,,,24.0,,68.0,83.0,498.0,77.0,62.0,15,,"7,4°",0.0,0.0,,,0.0,0.0,,,,0.0,0.0,,,0.0,,2021-09-22,no bjn,1.0,1.0,1.0,0.0,1.0,0.0,0.0,0.0,0.0,1.0,0.0,0.0,0.0,0.0,0.0,0.0,1.0,0.0,0.0,0.0,0.0,1.0,1.0,0.0,1,1.0,1.0,1.0,1.0,0.0,0.0,0,0.0,0.0,0.0,1.0,0.0,0,0.0,0.0,0.0,1.0,1.0,1.0,0.0,1.0,0.0,0.0,1.0,0.0,0.0,0.0,0.0,1.0,0.0,0.0,1.0,1.0,2021-09-29,bjn,1.0,0.0,1.0,0.0,1.0,0.0,0.0,0.0,0.0,1.0,0.0,0.0,0.0,0.0,0.0,0.0,1.0,0.0,0.0,0.0,0.0,1.0,1.0,0.0,1.0,1.0,1.0,1.0,1.0,0.0,0.0,0,0.0,0.0,0.0,1.0,0.0,0,0.0,0.0,0.0,0.0,1.0,1.0,0.0,1.0,0.0,0.0,1.0,0.0,0.0,0.0,0.0,1.0,0.0,0.0,1.0,1.0,,,1.0,1.0,1.0,0.0,1.0,0.0,0.0,0.0,0.0,1.0,0.0,0.0,0.0,0.0,0.0,0.0,1.0,0.0,0.0,0.0,0.0,1.0,1.0,0.0,1.0,1.0,1.0,1.0,1.0,0.0,0.0,0.0,0.0,0.0,0.0,1.0,0.0,0.0,0.0,0.0,0.0,1.0,1.0,1.0,0.0,1.0,0.0,0.0,1.0,0.0,0.0,0.0,0.0,1.0,0.0,0.0,1.0,1.0,1.0,0.0,1.0,1.0,1.0,0.0,,1.0,1.0,2.0,2.0,5.0
PAT_035,48.0,0.0,1.0,2016-09-06,0.0,,1.0,1.0,0.0,2016-09-06 00:00:00,1.0,2016-11-03,0.0,2023-04-17,2414.0,4.0,1.0,1,92.0,1.0,1.0,0.0,0.0,0.0,0.0,0.0,0.0,1.0,0.0,0.0,0.0,0.0,0.0,0.0,0.0,0.0,0.0,0.0,80.0,185.0,23.4,37.0,123.0,76.0,3.0,1.0,100.0,2016-09-06,2016-09-06,0.0,2016-08-29,1.0,1.0,0.0,0.0,0.0,0.0,0.0,0.0,1.0,0.0,1.0,0.0,0.0,0.0,2.0,3.0,1.0,0.0,0.0,0.0,0.0,0.0,2.0,2.0,1.0,1.0,0.0,0.0,2.0,0.0,0.0,0.0,0.0,0.0,0.0,0.0,0.0,0.0,0.0,0.0,0.0,0.0,1.0,0.0,0.0,0.0,0.0,0.0,,,0.0,,2016-09-05,7.0,REA BEAUJON,1.0,2016-09-09,5.0,,12.2,,,746.0,,,,,,,,,,,5.0,2016-09-05,12.8,22.7,1.0,23.1,1.0,1.72,1.13,0.0,1.72,0.0,36.0,4.30555555555556,155.0,0.0,119.0,155.0,0.0,0.09,0.13,0.13,,,,,,,,,,7.65,,1.0,1.0,,1.0,1.0,2016-09-17,,,0.0,0.0,,,0.0,,2016-09-06,bjn,1.0,1.0,1.0,0.0,1.0,1.0,1.0,0.0,0.0,1.0,1.0,1.0,1.0,0.0,1.0,1.0,0.0,0.0,1.0,0.0,0.0,1.0,1.0,0.0,1,1.0,1.0,1.0,1.0,0.0,0.0,0,0.0,0.0,0.0,1.0,0.0,0,0.0,0.0,0.0,1.0,1.0,1.0,0.0,1.0,0.0,1.0,1.0,0.0,0.0,0.0,0.0,1.0,1.0,0.0,1.0,1.0,,,,,,,,,,,,,,,,,,,,,,,,,,,,,,,,,,,,,,,,,,,,,,,,,,,,,,,,,,,,,,,1.0,1.0,1.0,0.0,1.0,1.0,1.0,0.0,0.0,1.0,1.0,1.0,1.0,0.0,1.0,1.0,0.0,0.0,1.0,0.0,0.0,1.0,1.0,0.0,1.0,1.0,1.0,1.0,1.0,0.0,0.0,0.0,0.0,0.0,0.0,1.0,0.0,0.0,0.0,0.0,0.0,1.0,1.0,1.0,0.0,1.0,0.0,1.0,1.0,0.0,0.0,0.0,0.0,1.0,1.0,0.0,1.0,1.0,1.0,0.0,1.0,1.0,,,,8.0,8.0,8.0,,7.0
PAT_036,51.0,0.0,1.0,2022-04-13,32.0,,1.0,1.0,1.0,2022-04-13 00:00:00,1.0,2022-05-28,0.0,2023-04-13,397.0,1.0,0.0,0,94.0,0.0,0.0,0.0,0.0,0.0,0.0,1.0,0.0,0.0,0.0,0.0,0.0,0.0,0.0,0.0,0.0,0.0,0.0,0.0,121.0,170.0,41.9,37.1,127.0,72.0,3.0,1.0,,2022-03-12,2022-03-12,0.0,2022-03-10,1.0,1.0,0.0,1.0,0.0,0.0,0.0,0.0,0.0,0.0,0.0,0.0,0.0,0.0,0.0,0.0,0.0,0.0,3.0,0.0,0.0,0.0,0.0,3.0,1.0,1.0,1.0,1.0,3.0,0.0,0.0,0.0,0.0,0.0,0.0,1.0,0.0,0.0,0.0,0.0,1.0,0.0,0.0,0.0,0.0,0.0,0.0,0.0,0.0,1.0,,,2022-03-12,2.0,SURVI,0.0,2022-03-24,13.0,2022-03-13,15.0,21,1.3,280.0,7.0,81,,8.0,305.0,,72.0,6.6,,36,,2022-03-12,24.4,22.6,1.0,24.4,1.0,1.43,1.15,0.0,1.43,0.0,254.0,1.27165354330709,323.0,1.0,69.0,330.0,1.0,0.0,,,20.0,16,18.0,20.0,37.0,78.0,12.0,5,,7.42,1.0,1.0,0.0,,1.0,0.0,,,,0.0,0.0,,,0.0,,2022-03-12,no bjn,1.0,0.0,1.0,0.0,1.0,0.0,1.0,0.0,1.0,1.0,1.0,1.0,1.0,1.0,0.0,0.0,0.0,0.0,1.0,0.0,1.0,0.0,1.0,1.0,0,1.0,1.0,1.0,1.0,0.0,0.0,0,0.0,0.0,0.0,1.0,0.0,0,0.0,0.0,0.0,1.0,1.0,1.0,0.0,1.0,0.0,0.0,1.0,1.0,0.0,0.0,0.0,1.0,0.0,0.0,0.0,0.0,2022-04-12,bjn,1.0,1.0,1.0,0.0,1.0,0.0,0.0,0.0,0.0,1.0,0.0,1.0,1.0,0.0,0.0,0.0,0.0,0.0,1.0,1.0,0.0,0.0,1.0,1.0,0.0,1.0,1.0,1.0,1.0,0.0,0.0,0,0.0,0.0,0.0,1.0,0.0,0,0.0,0.0,0.0,1.0,0.0,1.0,1.0,0.0,0.0,0.0,1.0,1.0,0.0,1.0,1.0,1.0,1.0,0.0,0.0,0.0,,,1.0,1.0,1.0,0.0,1.0,0.0,1.0,0.0,1.0,1.0,1.0,1.0,1.0,1.0,0.0,0.0,0.0,0.0,1.0,1.0,1.0,0.0,1.0,1.0,0.0,1.0,1.0,1.0,1.0,0.0,0.0,0.0,0.0,0.0,0.0,1.0,0.0,0.0,0.0,0.0,0.0,1.0,1.0,1.0,0.0,1.0,0.0,0.0,1.0,1.0,0.0,1.0,1.0,1.0,1.0,0.0,0.0,0.0,1.0,0.0,1.0,1.0,1.0,1.0,,2.0,2.0,2.0,3.0,2.0
PAT_037,70.0,0.0,0.0,,708.0,,0.0,0.0,,,,,0.0,2023-02-17,708.0,1.0,1.0,0,77.0,0.0,1.0,0.0,0.0,0.0,0.0,1.0,0.0,0.0,0.0,0.0,0.0,0.0,0.0,0.0,0.0,0.0,0.0,1.0,82.0,172.0,27.7,36.0,184.0,114.0,2.0,0.0,90.0,2021-03-10,2021-03-11,0.0,2021-03-06,1.0,0.0,0.0,0.0,0.0,0.0,0.0,0.0,1.0,0.0,0.0,0.0,0.0,0.0,0.0,0.0,0.0,0.0,0.0,0.0,0.0,0.0,0.0,0.0,0.0,0.0,0.0,0.0,3.0,0.0,0.0,0.0,0.0,0.0,0.0,0.0,0.0,0.0,0.0,0.0,0.0,0.0,0.0,0.0,0.0,0.0,0.0,0.0,0.0,1.0,0.0,,2021-03-11,5.0,SURVI,0.0,2021-03-19,9.0,2021-03-11,17.0,13.8,0.7,247.0,7.0,77,6688,2.0,247.0,6688,71.0,6.1,,65,,2021-03-10,15.0,10.0,0.0,15.0,1.0,3.8,1.41,0.0,3.8,1.0,287.0,0.707317073170732,203.0,1.0,-84.0,287.0,1.0,0.56,,,18.0,10,21.0,8.0,164.0,112.0,21.0,11,,7.36,1.0,1.0,0.0,,1.0,0.0,,,,0.0,0.0,,,0.0,,2021-03-10,no bjn,0.0,0.0,1.0,0.0,1.0,0.0,0.0,0.0,1.0,1.0,1.0,1.0,0.0,0.0,0.0,0.0,0.0,1.0,0.0,0.0,1.0,0.0,1.0,1.0,0,1.0,1.0,0.0,0.0,1.0,1.0,25-50,1.0,0.0,0.0,1.0,0.0,0,0.0,0.0,0.0,0.0,1.0,0.0,0.0,1.0,,0.0,1.0,0.0,0.0,0.0,0.0,0.0,0.0,0.0,1.0,0.0,2021-03-15,bjn,1.0,1.0,1.0,0.0,1.0,0.0,0.0,0.0,1.0,1.0,1.0,1.0,0.0,0.0,0.0,0.0,0.0,1.0,0.0,0.0,1.0,0.0,1.0,1.0,0.0,1.0,1.0,0.0,0.0,1.0,1.0,25-50,1.0,0.0,0.0,1.0,0.0,0,0.0,0.0,0.0,1.0,0.0,0.0,0.0,1.0,,0.0,1.0,0.0,0.0,0.0,0.0,1.0,1.0,0.0,1.0,0.0,,,1.0,1.0,1.0,0.0,1.0,0.0,0.0,0.0,1.0,1.0,1.0,1.0,0.0,0.0,0.0,0.0,0.0,1.0,0.0,0.0,1.0,0.0,1.0,1.0,0.0,1.0,1.0,0.0,0.0,1.0,1.0,,1.0,0.0,0.0,1.0,0.0,0.0,0.0,0.0,0.0,1.0,1.0,0.0,0.0,1.0,0.0,0.0,1.0,0.0,0.0,0.0,0.0,1.0,1.0,0.0,1.0,0.0,0.0,0.0,0.0,0.0,,,,4.0,5.0,4.0,5.0,5.0
PAT_038,44.0,0.0,1.0,2022-01-13,2.0,,1.0,1.0,1.0,2022-01-13 00:00:00,1.0,2022-03-18,0.0,2023-01-10,364.0,4.0,1.0,0,78.0,0.0,1.0,0.0,0.0,0.0,1.0,1.0,1.0,0.0,0.0,0.0,1.0,0.0,0.0,0.0,0.0,0.0,0.0,0.0,78.0,165.0,28.7,36.5,112.0,80.0,3.0,1.0,95.0,2022-01-11,2022-01-11,0.0,2022-01-06,1.0,1.0,1.0,0.0,0.0,0.0,0.0,1.0,1.0,0.0,0.0,0.0,0.0,0.0,0.0,0.0,0.0,0.0,3.0,0.0,0.0,0.0,0.0,3.0,1.0,1.0,1.0,1.0,4.0,0.0,0.0,0.0,0.0,0.0,0.0,0.0,0.0,0.0,0.0,0.0,0.0,0.0,0.0,1.0,0.0,0.0,1.0,0.0,0.0,,0.0,,2022-01-12,6.0,SURVI,0.0,2022-01-21,10.0,2022-01-12,16.0,15.3,1.6,373.0,7.0,73,14843,2.0,373.0,14843,85.0,7.9,,10,4.0,2022-01-11,19.4,13.0,1.0,19.4,1.0,5.5,1.6,1.0,5.5,1.0,318.0,0.528301886792453,168.0,0.0,-150.0,318.0,1.0,0.72,,,23.0,48,16.0,5.0,29.0,64.0,10.0,6,,7.5,1.0,1.0,0.0,,1.0,0.0,,,,0.0,0.0,,,0.0,,2022-01-11,no bjn,0.0,0.0,1.0,0.0,1.0,1.0,1.0,0.0,0.0,1.0,1.0,1.0,1.0,1.0,1.0,1.0,0.0,0.0,1.0,0.0,0.0,1.0,1.0,0.0,1,1.0,1.0,1.0,1.0,0.0,0.0,0,0.0,0.0,0.0,0.0,0.0,50-75,1.0,1.0,0.0,1.0,1.0,1.0,0.0,1.0,,1.0,1.0,0.0,0.0,0.0,0.0,1.0,1.0,0.0,0.0,0.0,2022-01-12,bjn,1.0,1.0,1.0,0.0,1.0,1.0,1.0,0.0,1.0,1.0,1.0,1.0,1.0,1.0,1.0,1.0,0.0,0.0,1.0,0.0,0.0,1.0,1.0,1.0,0.0,1.0,1.0,1.0,1.0,0.0,0.0,0,0.0,0.0,0.0,0.0,0.0,50-75,1.0,1.0,0.0,1.0,1.0,1.0,0.0,1.0,1.0,1.0,1.0,0.0,0.0,0.0,0.0,1.0,1.0,0.0,0.0,0.0,,,1.0,1.0,1.0,0.0,1.0,1.0,1.0,0.0,1.0,1.0,1.0,1.0,1.0,1.0,1.0,1.0,0.0,0.0,1.0,0.0,0.0,1.0,1.0,1.0,1.0,1.0,1.0,1.0,1.0,0.0,0.0,0.0,0.0,0.0,0.0,0.0,0.0,,1.0,1.0,0.0,1.0,1.0,1.0,0.0,1.0,1.0,1.0,1.0,0.0,0.0,0.0,0.0,1.0,1.0,0.0,0.0,0.0,1.0,1.0,1.0,1.0,1.0,1.0,,5.0,5.0,5.0,6.0,6.0
PAT_039,79.0,0.0,0.0,,159.0,,0.0,0.0,,,,,,2023-05-05,159.0,1.0,0.0,,,1.0,1.0,0.0,1.0,1.0,0.0,0.0,0.0,0.0,0.0,0.0,0.0,0.0,0.0,0.0,0.0,0.0,0.0,0.0,75.0,174.0,24.8,37.1,148.0,81.0,,,85.0,2022-11-27,2022-11-27,0.0,2022-11-15,1.0,0.0,0.0,0.0,1.0,0.0,0.0,0.0,0.0,0.0,0.0,0.0,0.0,0.0,0.0,0.0,0.0,0.0,0.0,0.0,0.0,0.0,0.0,0.0,0.0,0.0,0.0,0.0,2.0,0.0,0.0,0.0,0.0,0.0,0.0,1.0,0.0,0.0,0.0,0.0,1.0,0.0,0.0,0.0,0.0,0.0,0.0,0.0,0.0,1.0,0.0,,2022-11-28,13.0,SURVI,0.0,2022-12-07,10.0,2022-11-29,13.0,11,1.7,268.0,5.24,77,1607,2.0,268.0,1607,68.0,5.3,,,,2022-11-27,14.0,10.3,0.0,14.0,0.0,1.09,1.09,0.0,1.09,0.0,50.0,0.06,3.0,0.0,-47.0,50.0,0.0,,,,25.0,,35.0,57.0,211.0,96.0,5.0,2,,,,0.0,,,0.0,0.0,,,,0.0,0.0,,,0.0,,2022-11-27,no bjn,1.0,0.0,1.0,0.0,1.0,0.0,0.0,0.0,1.0,1.0,0.0,1.0,1.0,0.0,0.0,0.0,0.0,0.0,1.0,0.0,1.0,0.0,0.0,0.0,0,0.0,0.0,0.0,1.0,1.0,0.0,25-50,1.0,0.0,0.0,1.0,1.0,25-50,1.0,0.0,0.0,1.0,1.0,1.0,0.0,1.0,0.0,0.0,1.0,0.0,0.0,0.0,0.0,1.0,1.0,0.0,0.0,0.0,2022-12-07,bjn,0.0,0.0,1.0,0.0,1.0,0.0,0.0,0.0,1.0,1.0,0.0,1.0,1.0,0.0,0.0,0.0,0.0,0.0,1.0,0.0,1.0,0.0,1.0,1.0,0.0,1.0,0.0,0.0,1.0,1.0,0.0,25-50,1.0,0.0,0.0,1.0,1.0,25-50,1.0,,0.0,0.0,0.0,0.0,0.0,0.0,0.0,0.0,0.0,0.0,0.0,0.0,0.0,0.0,0.0,0.0,0.0,0.0,,,1.0,0.0,1.0,0.0,1.0,0.0,0.0,0.0,1.0,1.0,0.0,1.0,1.0,0.0,0.0,0.0,0.0,0.0,1.0,0.0,1.0,0.0,1.0,1.0,0.0,1.0,0.0,0.0,1.0,1.0,0.0,,1.0,0.0,0.0,1.0,1.0,,1.0,0.0,0.0,1.0,1.0,1.0,0.0,1.0,0.0,0.0,1.0,0.0,0.0,0.0,0.0,1.0,1.0,0.0,0.0,0.0,1.0,0.0,1.0,1.0,0.0,0.0,,12.0,12.0,12.0,14.0,13.0
PAT_040,70.0,0.0,0.0,,503.0,,0.0,0.0,,,,,0.0,2023-05-25,503.0,1.0,0.0,1,92.0,0.0,1.0,0.0,0.0,0.0,0.0,1.0,0.0,0.0,0.0,0.0,0.0,0.0,0.0,0.0,0.0,0.0,0.0,0.0,116.0,175.0,37.9,36.5,147.0,73.0,2.0,0.0,,2022-01-07,2022-01-07,0.0,2022-01-07,1.0,0.0,1.0,0.0,0.0,0.0,0.0,1.0,1.0,0.0,0.0,0.0,0.0,1.0,0.0,1.0,0.0,0.0,0.0,0.0,0.0,1.0,0.0,1.0,0.0,0.0,0.0,0.0,2.0,0.0,0.0,0.0,1.0,0.0,0.0,0.0,0.0,0.0,0.0,0.0,1.0,0.0,0.0,0.0,0.0,0.0,0.0,0.0,0.0,1.0,0.0,,2022-01-11,4.0,HEPATO,0.0,2022-01-17,7.0,2022-01-12,12.0,4.2,1.7,279.0,6.0,77,362,8.0,279.0,362,117.0,7.5,,,,2022-01-07,7.0,6.0,0.0,7.0,0.0,0.9,0.9,0.0,0.9,0.0,173.0,0.196531791907514,34.0,0.0,-139.0,173.0,0.0,,,,25.0,,56.0,33.0,227.0,56.0,22.0,15,,,,0.0,,,1.0,0.0,,,,0.0,0.0,,,0.0,,2022-01-07,no bjn,1.0,0.0,1.0,0.0,1.0,0.0,0.0,0.0,0.0,0.0,1.0,1.0,0.0,0.0,0.0,0.0,1.0,0.0,0.0,0.0,1.0,0.0,0.0,0.0,0,0.0,0.0,0.0,1.0,0.0,0.0,0,0.0,0.0,0.0,1.0,0.0,0,0.0,0.0,0.0,1.0,1.0,1.0,0.0,1.0,0.0,0.0,1.0,0.0,0.0,0.0,0.0,1.0,1.0,0.0,0.0,0.0,,,,,,,,,,,,,,,,,,,,,,,,,,,,,,,,,,,,,,,,,,,,,,,,,,,,,,,,,,,,,,,1.0,0.0,1.0,0.0,1.0,0.0,0.0,0.0,0.0,0.0,1.0,1.0,0.0,0.0,0.0,0.0,1.0,0.0,0.0,0.0,1.0,0.0,0.0,0.0,0.0,0.0,0.0,0.0,1.0,0.0,0.0,0.0,0.0,0.0,0.0,1.0,0.0,0.0,0.0,0.0,0.0,1.0,1.0,1.0,0.0,1.0,0.0,0.0,1.0,0.0,0.0,0.0,0.0,1.0,1.0,0.0,0.0,0.0,1.0,0.0,1.0,1.0,,,,0.0,0.0,0.0,5.0,4.0
PAT_041,29.0,0.0,0.0,,1322.0,,0.0,0.0,,,,,0.0,2023-06-02,1322.0,1.0,1.0,1,93.0,0.0,1.0,0.0,0.0,0.0,1.0,1.0,1.0,0.0,0.0,0.0,0.0,0.0,0.0,0.0,0.0,0.0,0.0,0.0,74.0,193.0,19.9,36.2,110.0,78.0,1.0,0.0,85.0,2019-10-18,2019-10-19,0.0,2019-10-18,0.0,0.0,0.0,1.0,0.0,0.0,0.0,0.0,1.0,0.0,0.0,0.0,0.0,0.0,0.0,0.0,0.0,0.0,0.0,0.0,0.0,0.0,0.0,0.0,0.0,0.0,0.0,0.0,1.0,0.0,0.0,0.0,0.0,0.0,0.0,0.0,0.0,0.0,0.0,0.0,0.0,1.0,0.0,0.0,0.0,0.0,0.0,1.0,,0.0,0.0,,2019-10-19,1.0,SURVI,0.0,2019-11-05,18.0,2019-10-19,12.0,9.7,1.0,171.0,4.0,50,,2.0,171.0,,102.0,11.0,,15,,2019-10-18,11.7,5.0,0.0,12.0,0.0,1.45,0.84,0.0,1.45,0.0,76.0,1.23684210526316,94.0,0.0,18.0,156.0,0.0,0.64,0.44,0.64,30.0,122,18.0,12.0,25.0,50.0,11.0,8,,,0.0,1.0,1.0,,1.0,1.0,2019-11-06,,,0.0,0.0,,,0.0,,2019-10-19,no bjn,1.0,1.0,1.0,0.0,1.0,0.0,0.0,0.0,0.0,1.0,0.0,0.0,1.0,1.0,1.0,1.0,0.0,0.0,1.0,0.0,0.0,1.0,1.0,0.0,1,1.0,1.0,1.0,1.0,0.0,0.0,0,0.0,0.0,0.0,1.0,0.0,0,0.0,0.0,0.0,0.0,1.0,0.0,0.0,1.0,0.0,0.0,1.0,0.0,0.0,0.0,0.0,1.0,1.0,0.0,1.0,1.0,2019-11-06,bjn,0.0,0.0,1.0,0.0,1.0,0.0,0.0,0.0,0.0,0.0,0.0,0.0,0.0,0.0,0.0,0.0,0.0,1.0,0.0,0.0,1.0,0.0,1.0,1.0,0.0,1.0,1.0,1.0,1.0,0.0,0.0,0,0.0,0.0,0.0,1.0,0.0,0,0.0,0.0,0.0,0.0,1.0,0.0,0.0,1.0,,0.0,1.0,0.0,0.0,0.0,0.0,1.0,1.0,0.0,1.0,1.0,,,1.0,1.0,1.0,0.0,1.0,0.0,0.0,0.0,0.0,1.0,0.0,0.0,1.0,1.0,1.0,1.0,0.0,1.0,1.0,0.0,1.0,1.0,1.0,1.0,1.0,1.0,1.0,1.0,1.0,0.0,0.0,0.0,0.0,0.0,0.0,1.0,0.0,0.0,0.0,0.0,0.0,0.0,1.0,0.0,0.0,1.0,0.0,0.0,1.0,0.0,0.0,0.0,0.0,1.0,1.0,0.0,1.0,1.0,0.0,0.0,0.0,0.0,,,,0.0,1.0,1.0,1.0,1.0
PAT_042,89.0,0.0,1.0,2023-01-10,18.0,,1.0,1.0,1.0,2023-01-12 00:00:00,1.0,2023-04-05,0.0,2023-06-07,166.0,1.0,1.0,1,75.0,0.0,1.0,1.0,0.0,1.0,0.0,0.0,0.0,0.0,0.0,0.0,0.0,0.0,0.0,0.0,0.0,0.0,0.0,0.0,70.0,174.0,23.0,36.6,124.0,84.0,1.0,0.0,63.0,2022-12-23,2022-12-23,0.0,2022-12-14,1.0,0.0,0.0,1.0,1.0,1.0,0.0,0.0,1.0,0.0,0.0,0.0,0.0,0.0,0.0,0.0,0.0,0.0,3.0,0.0,0.0,0.0,0.0,3.0,1.0,1.0,0.0,1.0,4.0,0.0,0.0,0.0,0.0,0.0,0.0,0.0,0.0,0.0,0.0,0.0,0.0,0.0,0.0,0.0,0.0,0.0,1.0,0.0,1.0,1.0,0.0,,2022-12-21,7.0,CHIRURGIE DIGESTIVE,0.0,2022-12-23,3.0,2022-12-21,16.0,18.8,1.0,237.0,,73,,2.0,237.0,,98.0,4.4,,28,18.0,2022-12-23,22.0,17.0,1.0,22.0,1.0,1.7,1.27,0.0,2.24,1.0,204.0,1.08823529411765,222.0,1.0,18.0,222.0,1.0,0.14,,,28.0,26,26.0,15.0,148.0,117.0,20.0,28,117.0,,0.0,1.0,0.0,,1.0,1.0,2023-01-11,1.0,,0.0,0.0,,,0.0,Chronique ?,2022-12-21,no bjn,1.0,0.0,1.0,0.0,1.0,0.0,0.0,0.0,0.0,1.0,0.0,1.0,1.0,1.0,0.0,0.0,0.0,1.0,0.0,0.0,1.0,0.0,1.0,1.0,0,1.0,1.0,0.0,0.0,1.0,1.0,<25,0.0,0.0,0.0,0.0,1.0,<25,0.0,0.0,0.0,1.0,1.0,1.0,0.0,1.0,0.0,0.0,1.0,0.0,0.0,0.0,0.0,1.0,1.0,0.0,0.0,1.0,2023-01-09,bjn,1.0,0.0,1.0,0.0,1.0,0.0,0.0,0.0,0.0,0.0,0.0,1.0,0.0,0.0,0.0,0.0,0.0,0.0,0.0,0.0,1.0,0.0,1.0,1.0,0.0,1.0,1.0,1.0,0.0,1.0,1.0,<25,0.0,0.0,0.0,0.0,1.0,<25,0.0,0.0,0.0,1.0,0.0,1.0,1.0,0.0,,0.0,1.0,0.0,0.0,1.0,1.0,1.0,1.0,0.0,0.0,1.0,,,1.0,0.0,1.0,0.0,1.0,0.0,0.0,0.0,0.0,1.0,0.0,1.0,1.0,1.0,0.0,0.0,0.0,1.0,0.0,0.0,1.0,0.0,1.0,1.0,0.0,1.0,1.0,1.0,0.0,1.0,1.0,,0.0,0.0,0.0,0.0,1.0,,0.0,0.0,0.0,1.0,1.0,1.0,1.0,1.0,0.0,0.0,1.0,0.0,0.0,1.0,1.0,1.0,1.0,0.0,0.0,1.0,1.0,0.0,1.0,1.0,1.0,1.0,,9.0,9.0,7.0,7.0,7.0
PAT_043,72.0,0.0,0.0,,234.0,,0.0,0.0,,,,,0.0,2023-03-27,234.0,1.0,0.0,1,92.0,0.0,1.0,0.0,0.0,0.0,1.0,0.0,0.0,0.0,0.0,0.0,0.0,0.0,0.0,0.0,0.0,0.0,0.0,0.0,65.0,170.0,22.5,37.4,134.0,81.0,,,100.0,2022-08-05,2022-08-05,0.0,2022-08-05,1.0,0.0,0.0,0.0,0.0,0.0,0.0,0.0,1.0,0.0,0.0,0.0,0.0,0.0,0.0,0.0,0.0,0.0,0.0,0.0,0.0,0.0,0.0,0.0,0.0,0.0,0.0,0.0,2.0,0.0,1.0,0.0,0.0,0.0,0.0,0.0,0.0,0.0,0.0,0.0,1.0,0.0,0.0,0.0,0.0,0.0,0.0,0.0,0.0,0.0,,,2022-08-11,6.0,SURVI,0.0,2022-09-09,30.0,2022-08-12,12.0,12.6,2.0,313.0,5.0,70,,8.0,313.0,,74.0,9.4,,,13.0,2022-08-05,31.0,16.0,1.0,31.0,1.0,1.7,1.23,0.0,1.7,0.0,79.0,0.278481012658228,22.0,0.0,-57.0,79.0,0.0,,,,24.0,,26.0,25.0,213.0,112.0,12.0,6,,7.47,,1.0,0.0,,1.0,1.0,2022-09-18,,,0.0,0.0,,,0.0,"Sténose post ischémique : résection de 45 cm à 2m80 du treitz, l'apath a montré une ischémie transmurale responsable d'une sténose de 5cm avec perforation bouchée et péritonite focale",2022-08-05,no bjn,1.0,0.0,1.0,0.0,1.0,0.0,0.0,0.0,0.0,1.0,0.0,1.0,0.0,0.0,0.0,0.0,1.0,0.0,0.0,0.0,1.0,0.0,1.0,1.0,0,1.0,1.0,1.0,1.0,0.0,0.0,0,0.0,0.0,0.0,1.0,0.0,0,0.0,0.0,0.0,1.0,1.0,1.0,0.0,1.0,0.0,1.0,1.0,0.0,0.0,0.0,0.0,1.0,1.0,0.0,0.0,1.0,2022-08-09,no bjn,1.0,1.0,1.0,0.0,1.0,0.0,0.0,0.0,0.0,1.0,0.0,1.0,0.0,0.0,0.0,0.0,1.0,0.0,0.0,0.0,1.0,0.0,1.0,1.0,0.0,1.0,1.0,1.0,1.0,0.0,0.0,0,0.0,0.0,0.0,1.0,0.0,0,0.0,0.0,0.0,1.0,1.0,0.0,0.0,1.0,0.0,1.0,1.0,0.0,0.0,0.0,0.0,1.0,1.0,0.0,0.0,1.0,,,1.0,1.0,1.0,0.0,1.0,0.0,0.0,0.0,0.0,1.0,0.0,1.0,0.0,0.0,0.0,0.0,1.0,0.0,0.0,0.0,1.0,0.0,1.0,1.0,0.0,1.0,1.0,1.0,1.0,0.0,0.0,0.0,0.0,0.0,0.0,1.0,0.0,0.0,0.0,0.0,0.0,1.0,1.0,1.0,0.0,1.0,0.0,1.0,1.0,0.0,0.0,0.0,0.0,1.0,1.0,0.0,0.0,1.0,1.0,0.0,1.0,1.0,0.0,1.0,,0.0,0.0,0.0,7.0,6.0
PAT_044,62.0,0.0,0.0,,384.0,,0.0,0.0,,,,,0.0,2023-04-03,384.0,1.0,0.0,0,77.0,0.0,1.0,0.0,0.0,1.0,1.0,0.0,0.0,0.0,0.0,0.0,0.0,0.0,0.0,0.0,0.0,0.0,0.0,0.0,83.0,172.0,28.1,36.7,120.0,60.0,,,,2022-03-15,2022-03-15,0.0,2022-03-12,1.0,0.0,0.0,1.0,0.0,1.0,0.0,0.0,0.0,0.0,0.0,0.0,0.0,0.0,0.0,0.0,0.0,0.0,0.0,0.0,0.0,0.0,0.0,0.0,0.0,0.0,0.0,0.0,2.0,0.0,0.0,0.0,0.0,1.0,0.0,0.0,0.0,0.0,0.0,0.0,1.0,0.0,0.0,0.0,0.0,0.0,0.0,0.0,0.0,1.0,0.0,,2022-03-23,11.0,SURVI,0.0,2022-03-25,3.0,2022-03-24,13.0,7,2.8,524.0,5.0,88,1041,8.0,524.0,1041,77.0,4.0,,90,,2022-03-15,11.0,9.0,0.0,11.0,0.0,1.4,1.4,0.0,1.4,0.0,140.0,0.378571428571429,53.0,0.0,-87.0,140.0,0.0,0.0,,,23.0,265,35.0,50.0,50.0,83.0,6.0,3,69.0,,,0.0,,,1.0,0.0,,,,0.0,0.0,,,0.0,,2022-03-15,no bjn,1.0,0.0,1.0,0.0,1.0,1.0,1.0,1.0,1.0,1.0,1.0,1.0,0.0,0.0,0.0,0.0,1.0,0.0,0.0,1.0,0.0,0.0,0.0,0.0,0,0.0,0.0,0.0,1.0,1.0,0.0,25-50,1.0,0.0,0.0,1.0,1.0,50-75,1.0,1.0,0.0,0.0,1.0,1.0,0.0,1.0,0.0,1.0,1.0,0.0,0.0,0.0,0.0,1.0,1.0,0.0,0.0,0.0,2022-03-17,no bjn,0.0,0.0,1.0,0.0,1.0,1.0,1.0,0.0,0.0,1.0,1.0,1.0,0.0,0.0,0.0,0.0,1.0,0.0,0.0,1.0,0.0,0.0,0.0,0.0,0.0,0.0,0.0,0.0,1.0,1.0,0.0,25-50,1.0,0.0,0.0,1.0,1.0,50-75,1.0,1.0,0.0,0.0,1.0,1.0,0.0,1.0,0.0,1.0,1.0,0.0,0.0,0.0,0.0,1.0,1.0,0.0,0.0,0.0,,,1.0,0.0,1.0,0.0,1.0,1.0,1.0,1.0,1.0,1.0,1.0,1.0,0.0,0.0,0.0,0.0,1.0,0.0,0.0,1.0,0.0,0.0,0.0,0.0,0.0,0.0,0.0,0.0,1.0,1.0,0.0,,1.0,0.0,0.0,1.0,1.0,,1.0,1.0,0.0,0.0,1.0,1.0,0.0,1.0,0.0,1.0,1.0,0.0,0.0,0.0,0.0,1.0,1.0,0.0,0.0,0.0,1.0,0.0,1.0,1.0,1.0,,,3.0,3.0,3.0,12.0,11.0
PAT_045,58.0,0.0,0.0,,743.0,,0.0,0.0,,,,,0.0,2023-05-17,743.0,1.0,1.0,0,91.0,0.0,1.0,0.0,1.0,1.0,1.0,0.0,0.0,0.0,0.0,0.0,0.0,0.0,0.0,0.0,0.0,0.0,0.0,0.0,120.0,176.0,38.7,38.7,138.0,89.0,2.0,0.0,92.0,2021-05-04,2021-05-04,0.0,2021-05-03,1.0,0.0,0.0,0.0,0.0,0.0,0.0,0.0,0.0,0.0,0.0,0.0,0.0,0.0,0.0,0.0,0.0,0.0,0.0,0.0,0.0,0.0,0.0,0.0,0.0,0.0,0.0,0.0,1.0,0.0,0.0,0.0,0.0,0.0,0.0,0.0,0.0,0.0,0.0,0.0,0.0,0.0,1.0,0.0,0.0,0.0,0.0,0.0,0.0,1.0,0.0,,2021-05-04,1.0,SURVI,0.0,2021-05-12,9.0,2021-05-04,15.0,10.4,1.1,348.0,6.0,95,4464,2.0,348.0,4464,81.0,7.2,,44,4.0,2021-05-04,12.0,10.0,0.0,12.0,0.0,1.7,1.24,0.0,1.7,0.0,61.0,1.44262295081967,88.0,0.0,27.0,128.0,0.0,0.0,,,27.0,128,19.0,14.0,89.0,67.0,13.0,7,,,1.0,1.0,0.0,,1.0,0.0,,,,0.0,0.0,,,0.0,,2021-05-03,no bjn,0.0,0.0,1.0,0.0,1.0,1.0,0.0,0.0,0.0,1.0,0.0,1.0,1.0,0.0,0.0,0.0,1.0,0.0,0.0,0.0,1.0,0.0,0.0,0.0,0,0.0,0.0,0.0,1.0,0.0,0.0,0,0.0,0.0,0.0,1.0,0.0,0,0.0,0.0,0.0,0.0,1.0,0.0,0.0,1.0,,1.0,1.0,0.0,0.0,0.0,0.0,1.0,1.0,0.0,0.0,0.0,2021-05-07,bjn,1.0,1.0,1.0,0.0,1.0,1.0,0.0,0.0,0.0,1.0,0.0,0.0,1.0,0.0,0.0,0.0,1.0,0.0,0.0,0.0,1.0,0.0,1.0,1.0,0.0,0.0,1.0,0.0,1.0,0.0,0.0,0,0.0,0.0,0.0,1.0,0.0,0,0.0,0.0,0.0,0.0,0.0,0.0,0.0,0.0,0.0,0.0,1.0,0.0,0.0,0.0,0.0,0.0,1.0,0.0,0.0,0.0,,,1.0,1.0,1.0,0.0,1.0,1.0,0.0,0.0,0.0,1.0,0.0,1.0,1.0,0.0,0.0,0.0,1.0,0.0,0.0,0.0,1.0,0.0,1.0,1.0,0.0,0.0,1.0,0.0,1.0,0.0,0.0,0.0,0.0,0.0,0.0,1.0,0.0,0.0,0.0,0.0,0.0,0.0,1.0,0.0,0.0,1.0,0.0,1.0,1.0,0.0,0.0,0.0,0.0,1.0,1.0,0.0,0.0,0.0,0.0,0.0,0.0,0.0,,,,1.0,1.0,0.0,1.0,1.0
PAT_046,37.0,0.0,0.0,,1650.0,,0.0,0.0,,,,,0.0,2021-03-01,1650.0,1.0,1.0,1,75.0,1.0,1.0,0.0,0.0,0.0,1.0,0.0,0.0,0.0,0.0,0.0,0.0,0.0,0.0,1.0,1.0,0.0,0.0,0.0,65.0,166.0,23.6,36.9,118.0,69.0,1.0,0.0,106.0,2016-08-24,2016-08-24,0.0,2016-08-24,1.0,0.0,0.0,0.0,0.0,0.0,0.0,1.0,0.0,0.0,0.0,0.0,1.0,0.0,0.0,1.0,0.0,0.0,0.0,0.0,2.0,0.0,0.0,2.0,1.0,1.0,0.0,0.0,,0.0,0.0,0.0,1.0,0.0,0.0,0.0,0.0,0.0,0.0,0.0,1.0,0.0,0.0,0.0,0.0,0.0,0.0,0.0,,1.0,0.0,,2016-08-24,0.0,SURVI,0.0,2016-09-04,12.0,2016-08-24,13.0,3.2,1.2,117.0,,88,,2.0,117.0,,81.0,2.8,,266,,2016-08-23,4.7,3.6,0.0,4.7,0.0,0.6,0.45,0.0,0.6,0.0,6.0,1.66666666666667,10.0,0.0,4.0,10.0,0.0,0.09,,,22.0,17,19.0,12.0,33.0,95.0,8.0,3,,,,1.0,0.0,,1.0,0.0,,,,0.0,0.0,,,0.0,,2016-08-24,no bjn,0.0,1.0,1.0,0.0,0.0,0.0,0.0,0.0,0.0,1.0,0.0,0.0,0.0,0.0,0.0,0.0,1.0,0.0,0.0,1.0,0.0,0.0,0.0,0.0,0,0.0,0.0,1.0,1.0,0.0,0.0,0,0.0,0.0,0.0,1.0,0.0,0,0.0,0.0,0.0,0.0,1.0,0.0,0.0,1.0,,0.0,1.0,0.0,0.0,0.0,0.0,0.0,0.0,0.0,1.0,1.0,,,,,,,,,,,,,,,,,,,,,,,,,,,,,,,,,,,,,,,,,,,,,,,,,,,,,,,,,,,,,,,0.0,1.0,1.0,0.0,0.0,0.0,0.0,0.0,0.0,1.0,0.0,0.0,0.0,0.0,0.0,0.0,1.0,0.0,0.0,1.0,0.0,0.0,0.0,0.0,0.0,0.0,0.0,1.0,1.0,0.0,0.0,0.0,0.0,0.0,0.0,1.0,0.0,0.0,0.0,0.0,0.0,0.0,1.0,0.0,0.0,1.0,0.0,0.0,1.0,0.0,0.0,0.0,0.0,0.0,0.0,0.0,1.0,1.0,0.0,0.0,0.0,0.0,,,,0.0,0.0,0.0,0.0,0.0
PAT_047,58.0,1.0,0.0,,30.0,,0.0,0.0,,,,,1.0,2021-12-23,30.0,1.0,0.0,1,92.0,0.0,1.0,0.0,0.0,0.0,1.0,1.0,0.0,0.0,0.0,0.0,1.0,0.0,0.0,0.0,0.0,0.0,0.0,0.0,76.0,160.0,29.7,36.2,110.0,78.0,,,102.0,2021-11-23,2021-11-23,0.0,2021-11-23,1.0,1.0,1.0,1.0,0.0,0.0,0.0,0.0,1.0,0.0,0.0,0.0,2.0,0.0,2.0,4.0,1.0,0.0,3.0,0.0,2.0,0.0,2.0,7.0,1.0,1.0,1.0,1.0,2.0,0.0,0.0,0.0,0.0,0.0,0.0,0.0,0.0,0.0,0.0,0.0,0.0,0.0,0.0,1.0,0.0,0.0,0.0,0.0,0.0,0.0,,,2021-12-02,9.0,REA BEAUJON,1.0,2021-12-22,21.0,2021-11-26,12.0,1900-01-27 04:48:00,1.2,91.0,1.25,16,20000,,100.0,20000,93.0,17.0,NB,NB,6.0,2021-11-23,15.0,21.3,1.0,21.3,1.0,4.0,3.9,1.0,3.9,1.0,9.0,5.66666666666667,51.0,0.0,42.0,51.0,0.0,0.0,,,20.0,NB,110.0,71.0,33.0,94.0,100.0,44,,7.46,,0.0,,,0.0,0.0,,,,0.0,0.0,,,0.0,DCD à 1 mois de la prise en charge compte tenu de sa cirrhose grave en impasse thérapeutique,2021-11-24,no bjn,1.0,0.0,1.0,0.0,1.0,0.0,0.0,0.0,0.0,0.0,0.0,1.0,0.0,0.0,0.0,0.0,0.0,1.0,0.0,0.0,1.0,0.0,1.0,1.0,0,1.0,1.0,0.0,1.0,0.0,0.0,0,0.0,0.0,0.0,1.0,0.0,0,0.0,0.0,0.0,1.0,1.0,1.0,0.0,1.0,0.0,1.0,1.0,0.0,0.0,0.0,0.0,1.0,1.0,0.0,0.0,0.0,2021-12-01,no bjn,1.0,0.0,1.0,0.0,1.0,0.0,0.0,0.0,0.0,0.0,0.0,1.0,0.0,0.0,0.0,0.0,0.0,1.0,0.0,0.0,1.0,0.0,1.0,1.0,0.0,1.0,1.0,0.0,1.0,0.0,0.0,0,0.0,0.0,0.0,1.0,0.0,0,0.0,0.0,0.0,1.0,1.0,0.0,0.0,0.0,0.0,0.0,1.0,0.0,0.0,0.0,0.0,1.0,1.0,0.0,0.0,0.0,,,1.0,0.0,1.0,0.0,1.0,0.0,0.0,0.0,0.0,0.0,0.0,1.0,0.0,0.0,0.0,0.0,0.0,1.0,0.0,0.0,1.0,0.0,1.0,1.0,0.0,1.0,1.0,0.0,1.0,0.0,0.0,0.0,0.0,0.0,0.0,1.0,0.0,0.0,0.0,0.0,0.0,1.0,1.0,1.0,0.0,1.0,0.0,1.0,1.0,0.0,0.0,0.0,0.0,1.0,1.0,0.0,0.0,0.0,1.0,0.0,1.0,1.0,0.0,1.0,,0.0,0.0,1.0,3.0,9.0
PAT_048,26.0,0.0,1.0,2023-01-02,8.0,,1.0,1.0,1.0,2023-01-02 00:00:00,1.0,2023-02-15,0.0,2023-05-16,142.0,1.0,1.0,0,28.0,1.0,1.0,0.0,0.0,0.0,1.0,1.0,0.0,0.0,0.0,0.0,0.0,0.0,0.0,0.0,0.0,0.0,0.0,0.0,65.0,172.0,22.0,38.5,118.0,90.0,3.0,1.0,122.0,2022-12-25,2022-12-25,0.0,2022-12-23,1.0,1.0,1.0,1.0,0.0,0.0,0.0,1.0,1.0,0.0,0.0,0.0,0.0,0.0,0.0,0.0,0.0,0.0,3.0,0.0,0.0,0.0,0.0,3.0,1.0,1.0,1.0,1.0,3.0,0.0,1.0,1.0,0.0,0.0,0.0,0.0,0.0,0.0,0.0,0.0,1.0,0.0,0.0,0.0,0.0,0.0,0.0,0.0,0.0,0.0,0.0,,2022-12-26,3.0,SURVI,1.0,2023-02-24,61.0,2022-12-27,9.0,23,2.6,165.0,6.04,70,>20 000,1.0,165.0,>20000,55.0,5.7,,,13.0,2022-12-25,27.0,41.6,1.0,41.6,1.0,2.44,1.5,1.0,2.44,1.0,48.0,4.20833333333333,202.0,1.0,154.0,302.0,1.0,0.4,,,24.0,15,18.0,6.0,17.0,104.0,5.0,2,,7.47,1.0,1.0,0.0,,1.0,0.0,,,,0.0,0.0,,,0.0,,2022-12-23,no bjn,0.0,1.0,1.0,0.0,1.0,0.0,0.0,0.0,0.0,0.0,1.0,1.0,0.0,0.0,0.0,0.0,1.0,0.0,0.0,0.0,1.0,0.0,0.0,0.0,0,0.0,0.0,0.0,1.0,0.0,0.0,0,0.0,0.0,0.0,1.0,0.0,0,0.0,0.0,0.0,1.0,1.0,1.0,0.0,0.0,,0.0,1.0,0.0,0.0,0.0,0.0,0.0,1.0,0.0,0.0,0.0,2023-01-02,bjn,1.0,1.0,1.0,0.0,1.0,0.0,0.0,0.0,0.0,1.0,1.0,1.0,1.0,0.0,0.0,0.0,0.0,1.0,0.0,0.0,0.0,1.0,1.0,0.0,1.0,1.0,1.0,0.0,1.0,0.0,0.0,0,0.0,0.0,0.0,1.0,0.0,0,0.0,0.0,0.0,1.0,1.0,1.0,1.0,0.0,1.0,0.0,1.0,0.0,0.0,1.0,0.0,1.0,1.0,0.0,1.0,1.0,,,1.0,1.0,1.0,0.0,1.0,0.0,0.0,0.0,0.0,1.0,1.0,1.0,1.0,0.0,0.0,0.0,1.0,1.0,0.0,0.0,1.0,1.0,1.0,0.0,1.0,1.0,1.0,0.0,1.0,0.0,0.0,0.0,0.0,0.0,0.0,1.0,0.0,0.0,0.0,0.0,0.0,1.0,1.0,1.0,1.0,0.0,1.0,0.0,1.0,0.0,0.0,1.0,0.0,1.0,1.0,0.0,1.0,1.0,1.0,1.0,1.0,1.0,1.0,1.0,,2.0,2.0,0.0,4.0,3.0
PAT_049,71.0,0.0,1.0,2016-03-17,1.0,,1.0,1.0,1.0,2016-03-16 00:00:00,1.0,2016-05-24,0.0,2022-09-21,2380.0,1.0,1.0,0,41.0,0.0,1.0,0.0,1.0,0.0,1.0,0.0,0.0,0.0,0.0,0.0,0.0,1.0,0.0,0.0,0.0,0.0,0.0,0.0,71.0,175.0,23.2,37.0,140.0,94.0,3.0,1.0,44.0,2016-03-16,2016-03-16,0.0,2016-03-04,1.0,1.0,1.0,1.0,0.0,0.0,0.0,1.0,0.0,0.0,1.0,0.0,0.0,0.0,0.0,1.0,0.0,0.0,1.0,0.0,0.0,1.0,0.0,2.0,0.0,0.0,1.0,,,0.0,0.0,0.0,0.0,1.0,0.0,0.0,0.0,1.0,0.0,0.0,1.0,0.0,0.0,0.0,0.0,0.0,0.0,0.0,,,0.0,,2016-03-18,14.0,SURVI,,2016-03-29,11.0,2016-03-16,16.0,16.9,0.8,290.0,12.0,56,,1.0,290.0,,127.0,,,,,2016-03-16,19.6,19.6,1.0,19.6,1.0,3.16,3.8,1.0,3.8,1.0,374.0,1.0,374.0,1.0,0.0,374.0,1.0,0.83,,,22.0,,31.0,13.0,43.0,92.0,15.0,,,,,1.0,0.0,,1.0,0.0,,,,0.0,0.0,,,0.0,,2016-03-15,no bjn,0.0,0.0,1.0,0.0,1.0,0.0,0.0,1.0,1.0,1.0,1.0,1.0,1.0,1.0,1.0,1.0,0.0,0.0,1.0,0.0,0.0,1.0,1.0,0.0,1,1.0,1.0,1.0,1.0,0.0,0.0,0,0.0,0.0,0.0,1.0,0.0,0,0.0,0.0,0.0,1.0,1.0,1.0,0.0,0.0,,0.0,1.0,0.0,0.0,0.0,0.0,1.0,1.0,0.0,,1.0,2016-03-16,no bjn,1.0,1.0,1.0,0.0,1.0,0.0,0.0,1.0,1.0,1.0,0.0,0.0,1.0,0.0,0.0,0.0,0.0,0.0,1.0,0.0,0.0,1.0,1.0,1.0,0.0,1.0,1.0,1.0,1.0,0.0,0.0,0,0.0,0.0,0.0,1.0,0.0,0,0.0,0.0,0.0,1.0,1.0,1.0,0.0,1.0,0.0,1.0,1.0,0.0,0.0,0.0,0.0,1.0,1.0,0.0,,1.0,,,1.0,1.0,1.0,0.0,1.0,0.0,0.0,1.0,1.0,1.0,1.0,1.0,1.0,1.0,1.0,1.0,0.0,0.0,1.0,0.0,0.0,1.0,1.0,1.0,1.0,1.0,1.0,1.0,1.0,0.0,0.0,0.0,0.0,0.0,0.0,1.0,0.0,0.0,0.0,0.0,0.0,1.0,1.0,1.0,0.0,1.0,0.0,1.0,1.0,0.0,0.0,0.0,0.0,1.0,1.0,0.0,0.0,1.0,1.0,0.0,1.0,1.0,1.0,1.0,,12.0,12.0,11.0,12.0,14.0
PAT_050,71.0,1.0,0.0,,1196.0,,0.0,0.0,,,,,0.0,2021-07-06,1196.0,1.0,0.0,0,77.0,0.0,0.0,0.0,0.0,0.0,0.0,0.0,0.0,1.0,0.0,0.0,0.0,0.0,0.0,0.0,0.0,1.0,0.0,0.0,78.0,160.0,30.5,38.1,126.0,57.0,1.0,0.0,91.0,2018-03-28,2018-03-28,1.0,2018-03-28,1.0,0.0,0.0,0.0,0.0,0.0,0.0,0.0,0.0,0.0,0.0,0.0,0.0,0.0,0.0,0.0,0.0,0.0,0.0,0.0,0.0,0.0,0.0,0.0,0.0,0.0,0.0,0.0,1.0,0.0,0.0,1.0,0.0,0.0,0.0,0.0,0.0,0.0,0.0,0.0,1.0,0.0,0.0,0.0,0.0,0.0,0.0,0.0,,,,,2018-03-30,2.0,HEPATOLOGIE BEAUJON,0.0,2018-04-10,12.0,2018-03-30,13.0,5.9,1.2,157.0,6.0,82,,1.0,157.0,,54.0,3.9,,,,2018-03-28,15.0,7.0,0.0,15.0,1.0,1.0,1.0,0.0,1.0,0.0,114.0,0.815789473684211,93.0,0.0,-21.0,114.0,0.0,,,,25.0,,35.0,40.0,74.0,,12.0,6,,,,1.0,0.0,,1.0,0.0,,,,0.0,0.0,,,0.0,,2018-03-28,no bjn,0.0,0.0,1.0,1.0,1.0,1.0,1.0,1.0,1.0,1.0,1.0,1.0,0.0,0.0,0.0,0.0,0.0,1.0,0.0,0.0,1.0,0.0,1.0,1.0,,1.0,1.0,0.0,0.0,1.0,0.0,<25,0.0,0.0,0.0,0.0,1.0,50-75,1.0,1.0,0.0,0.0,1.0,0.0,0.0,0.0,,0.0,1.0,0.0,0.0,0.0,0.0,0.0,0.0,0.0,0.0,0.0,,,,,,,,,,,,,,,,,,,,,,,,,,,,,,,,,,,,,,,,,,,,,,,,,,,,,,,,,,,,,,,0.0,0.0,1.0,1.0,1.0,1.0,1.0,1.0,1.0,1.0,1.0,1.0,0.0,0.0,0.0,0.0,0.0,1.0,0.0,0.0,1.0,0.0,1.0,1.0,,1.0,1.0,0.0,0.0,1.0,0.0,,0.0,0.0,0.0,0.0,1.0,,1.0,1.0,0.0,0.0,1.0,0.0,0.0,0.0,0.0,0.0,1.0,0.0,0.0,0.0,0.0,0.0,0.0,0.0,0.0,0.0,0.0,0.0,0.0,0.0,,,,0.0,0.0,0.0,2.0,2.0
PAT_051,70.0,0.0,0.0,,1720.0,,0.0,0.0,,,,,0.0,2023-04-21,1720.0,1.0,1.0,1,94.0,0.0,1.0,0.0,0.0,0.0,1.0,0.0,0.0,0.0,0.0,0.0,0.0,0.0,0.0,0.0,0.0,0.0,0.0,0.0,110.0,180.0,34.0,36.2,179.0,97.0,3.0,1.0,89.0,2018-08-05,2018-08-05,1.0,2018-08-05,1.0,1.0,0.0,0.0,0.0,0.0,0.0,1.0,0.0,0.0,0.0,0.0,0.0,0.0,0.0,0.0,0.0,0.0,0.0,0.0,0.0,0.0,0.0,0.0,0.0,0.0,1.0,0.0,2.0,0.0,0.0,0.0,0.0,0.0,0.0,0.0,0.0,0.0,0.0,0.0,0.0,0.0,0.0,0.0,0.0,0.0,0.0,0.0,,1.0,0.0,,2018-08-05,0.0,SURVI,0.0,2018-08-16,12.0,2018-08-05,16.0,27.9,1.2,270.0,7.0,52,,2.0,270.0,,72.0,8.1,,74,,2018-08-05,31.0,28.3,1.0,31.0,1.0,1.0,1.0,0.0,1.8,0.0,230.0,0.934782608695652,215.0,1.0,-15.0,230.0,1.0,0.34,,,22.0,,22.0,12.0,66.0,98.0,25.0,14,,,,1.0,0.0,,1.0,0.0,,,,0.0,0.0,,,0.0,,2018-08-05,no bjn,0.0,1.0,1.0,0.0,1.0,1.0,1.0,0.0,0.0,1.0,1.0,1.0,1.0,0.0,0.0,0.0,0.0,0.0,1.0,0.0,0.0,1.0,1.0,1.0,0,1.0,1.0,1.0,1.0,1.0,0.0,<25,0.0,0.0,0.0,1.0,0.0,0,0.0,0.0,0.0,0.0,1.0,1.0,1.0,0.0,0.0,0.0,1.0,0.0,0.0,0.0,0.0,1.0,1.0,0.0,1.0,0.0,2018-08-16,bjn,0.0,0.0,1.0,0.0,1.0,1.0,1.0,0.0,0.0,1.0,1.0,1.0,1.0,0.0,0.0,0.0,0.0,0.0,1.0,0.0,1.0,0.0,1.0,1.0,0.0,1.0,0.0,1.0,1.0,1.0,0.0,<25,0.0,0.0,0.0,1.0,0.0,0,0.0,0.0,0.0,0.0,1.0,1.0,0.0,1.0,,0.0,1.0,0.0,0.0,0.0,0.0,1.0,1.0,0.0,1.0,0.0,,,0.0,1.0,1.0,0.0,1.0,1.0,1.0,0.0,0.0,1.0,1.0,1.0,1.0,0.0,0.0,0.0,0.0,0.0,1.0,0.0,1.0,1.0,1.0,1.0,0.0,1.0,1.0,1.0,1.0,1.0,0.0,,0.0,0.0,0.0,1.0,0.0,0.0,0.0,0.0,0.0,0.0,1.0,1.0,1.0,1.0,0.0,0.0,1.0,0.0,0.0,0.0,0.0,1.0,1.0,0.0,1.0,0.0,1.0,0.0,1.0,1.0,1.0,,,0.0,0.0,0.0,0.0,0.0
PAT_052,55.0,0.0,0.0,,1441.0,,0.0,0.0,,,,,0.0,2023-04-11,1441.0,3.0,1.0,0,78.0,1.0,1.0,0.0,0.0,0.0,1.0,0.0,0.0,0.0,0.0,0.0,0.0,0.0,0.0,0.0,0.0,0.0,0.0,0.0,77.0,182.0,23.2,37.7,138.0,89.0,2.0,0.0,85.0,2019-05-01,2019-05-01,1.0,2019-05-01,1.0,0.0,0.0,1.0,0.0,0.0,0.0,0.0,1.0,0.0,0.0,0.0,0.0,0.0,0.0,0.0,0.0,0.0,0.0,0.0,0.0,0.0,0.0,0.0,0.0,0.0,0.0,0.0,4.0,0.0,0.0,0.0,0.0,0.0,0.0,0.0,0.0,0.0,0.0,0.0,0.0,1.0,0.0,0.0,0.0,0.0,1.0,0.0,,1.0,0.0,,2019-05-01,0.0,SURVI,0.0,2019-05-13,13.0,2019-05-01,13.0,6,1.2,197.0,5.0,80,,2.0,197.0,,94.0,5.3,,163,,2019-05-01,8.0,6.4,0.0,8.0,0.0,1.5,0.86,0.0,1.5,0.0,191.0,1.67015706806283,319.0,1.0,128.0,319.0,1.0,0.3,,,30.0,14,22.0,29.0,108.0,106.0,16.0,9,,,,1.0,0.0,,1.0,0.0,,,,0.0,0.0,,,0.0,,2019-05-01,no bjn,0.0,1.0,1.0,1.0,1.0,1.0,1.0,0.0,1.0,1.0,1.0,1.0,1.0,1.0,1.0,1.0,0.0,0.0,1.0,0.0,0.0,1.0,1.0,0.0,1,1.0,1.0,0.0,1.0,0.0,0.0,0,0.0,0.0,0.0,1.0,0.0,0,0.0,0.0,0.0,1.0,0.0,0.0,0.0,0.0,,0.0,1.0,0.0,0.0,0.0,0.0,0.0,1.0,0.0,0.0,1.0,2019-05-03,bjn,1.0,1.0,1.0,0.0,1.0,1.0,1.0,0.0,1.0,0.0,1.0,0.0,1.0,1.0,1.0,1.0,0.0,0.0,1.0,0.0,0.0,1.0,1.0,0.0,1.0,1.0,1.0,0.0,1.0,0.0,0.0,0,0.0,0.0,0.0,1.0,0.0,0,0.0,0.0,0.0,0.0,0.0,0.0,0.0,0.0,,0.0,1.0,0.0,0.0,0.0,0.0,0.0,1.0,0.0,0.0,1.0,,,1.0,1.0,1.0,1.0,1.0,1.0,1.0,0.0,1.0,1.0,1.0,1.0,1.0,1.0,1.0,1.0,0.0,0.0,1.0,0.0,0.0,1.0,1.0,0.0,1.0,1.0,1.0,0.0,1.0,0.0,0.0,0.0,0.0,0.0,0.0,1.0,0.0,0.0,0.0,0.0,0.0,1.0,0.0,0.0,0.0,0.0,0.0,0.0,1.0,0.0,0.0,0.0,0.0,0.0,1.0,0.0,0.0,1.0,0.0,0.0,0.0,0.0,,0.0,,0.0,0.0,0.0,0.0,0.0
PAT_053,62.0,0.0,0.0,,718.0,,0.0,0.0,,,,,0.0,2023-02-21,718.0,3.0,1.0,0,95.0,0.0,1.0,0.0,0.0,1.0,0.0,0.0,0.0,1.0,0.0,0.0,0.0,0.0,0.0,0.0,0.0,0.0,1.0,0.0,98.0,178.0,30.9,36.6,123.0,59.0,2.0,0.0,114.0,2021-03-05,2021-03-05,0.0,2021-03-01,1.0,0.0,0.0,0.0,0.0,0.0,0.0,0.0,0.0,0.0,0.0,0.0,1.0,0.0,0.0,1.0,0.0,0.0,0.0,0.0,1.0,0.0,0.0,1.0,0.0,0.0,0.0,0.0,2.0,0.0,0.0,0.0,0.0,0.0,0.0,0.0,0.0,0.0,0.0,0.0,0.0,0.0,1.0,0.0,0.0,0.0,0.0,0.0,0.0,1.0,0.0,,2021-03-05,4.0,SURVI,0.0,2021-03-11,7.0,2021-03-05,10.0,7.7,0.9,137.0,6.0,86,13371,2.0,137.0,13371,67.0,3.8,,166,,2021-03-05,9.0,5.0,0.0,9.0,0.0,1.3,1.3,0.0,1.3,0.0,124.0,0.241935483870968,30.0,0.0,-94.0,124.0,0.0,0.0,,,24.0,28,28.0,19.0,49.0,123.0,17.0,8,,,0.0,1.0,0.0,,1.0,0.0,,,,0.0,0.0,,,0.0,,2021-03-03,no bjn,0.0,0.0,1.0,0.0,1.0,0.0,0.0,0.0,0.0,1.0,0.0,1.0,0.0,0.0,0.0,0.0,1.0,0.0,0.0,1.0,0.0,0.0,0.0,0.0,0,0.0,0.0,0.0,1.0,0.0,0.0,0,0.0,0.0,0.0,1.0,0.0,0,0.0,0.0,0.0,1.0,1.0,1.0,0.0,1.0,,0.0,1.0,0.0,0.0,0.0,0.0,1.0,1.0,0.0,0.0,0.0,2021-03-08,bjn,0.0,0.0,1.0,0.0,1.0,0.0,0.0,0.0,0.0,1.0,0.0,1.0,0.0,0.0,0.0,0.0,1.0,0.0,0.0,1.0,0.0,0.0,0.0,0.0,0.0,0.0,0.0,0.0,1.0,0.0,0.0,0,0.0,0.0,0.0,1.0,0.0,0,0.0,0.0,0.0,0.0,1.0,0.0,0.0,1.0,,0.0,1.0,0.0,0.0,0.0,0.0,0.0,1.0,0.0,0.0,0.0,,,0.0,0.0,1.0,0.0,1.0,0.0,0.0,0.0,0.0,1.0,0.0,1.0,0.0,0.0,0.0,0.0,1.0,0.0,0.0,1.0,0.0,0.0,0.0,0.0,0.0,0.0,0.0,0.0,1.0,0.0,0.0,0.0,0.0,0.0,0.0,1.0,0.0,0.0,0.0,0.0,0.0,1.0,1.0,1.0,0.0,1.0,0.0,0.0,1.0,0.0,0.0,0.0,0.0,1.0,1.0,0.0,0.0,0.0,1.0,0.0,1.0,1.0,0.0,0.0,,4.0,4.0,2.0,4.0,4.0
PAT_054,48.0,1.0,1.0,2019-05-09,0.0,,0.0,,,2019-05-09 00:00:00,1.0,2019-09-25,0.0,2021-10-05,880.0,1.0,1.0,0,77.0,0.0,1.0,0.0,0.0,0.0,1.0,1.0,0.0,0.0,0.0,0.0,0.0,0.0,0.0,0.0,0.0,0.0,0.0,1.0,68.0,166.0,24.7,36.8,154.0,92.0,3.0,1.0,105.0,2019-05-09,2019-05-09,0.0,2019-05-07,1.0,1.0,0.0,1.0,0.0,1.0,1.0,1.0,1.0,0.0,0.0,0.0,0.0,0.0,0.0,0.0,0.0,0.0,0.0,0.0,0.0,0.0,0.0,0.0,0.0,0.0,1.0,0.0,3.0,0.0,0.0,0.0,0.0,0.0,0.0,0.0,0.0,1.0,1.0,0.0,0.0,0.0,0.0,0.0,0.0,0.0,0.0,0.0,,,0.0,,2019-05-09,2.0,SURVI,0.0,2019-05-21,13.0,2019-05-09,14.0,19,2.1,254.0,6.0,107,7461,2.0,254.0,7461,56.0,3.4,,27,,2019-05-09,22.8,22.8,1.0,22.8,1.0,1.4,1.4,0.0,1.4,0.0,237.0,1.0,237.0,1.0,0.0,237.0,1.0,0.18,,,20.0,,23.0,10.0,46.0,94.0,18.0,8,,,0.0,1.0,0.0,,1.0,0.0,,,,0.0,0.0,,,0.0,,2019-05-09,no bjn,1.0,0.0,1.0,0.0,1.0,0.0,0.0,0.0,0.0,1.0,1.0,1.0,1.0,0.0,1.0,1.0,1.0,0.0,0.0,0.0,1.0,0.0,0.0,0.0,0,0.0,0.0,0.0,1.0,0.0,0.0,0,0.0,0.0,0.0,1.0,0.0,0,0.0,0.0,0.0,0.0,1.0,1.0,0.0,1.0,0.0,0.0,1.0,0.0,0.0,0.0,0.0,1.0,1.0,0.0,0.0,0.0,,,,,,,,,,,,,,,,,,,,,,,,,,,,,,,,,,,,,,,,,,,,,,,,,,,,,,,,,,,,,,,1.0,0.0,1.0,0.0,1.0,0.0,0.0,0.0,0.0,1.0,1.0,1.0,1.0,0.0,1.0,1.0,1.0,0.0,0.0,0.0,1.0,0.0,0.0,0.0,0.0,0.0,0.0,0.0,1.0,0.0,0.0,0.0,0.0,0.0,0.0,1.0,0.0,0.0,0.0,0.0,0.0,0.0,1.0,1.0,0.0,1.0,0.0,0.0,1.0,0.0,0.0,0.0,0.0,1.0,1.0,0.0,0.0,0.0,1.0,0.0,1.0,1.0,,,,2.0,2.0,2.0,2.0,2.0
PAT_055,34.0,1.0,0.0,,1456.0,,0.0,0.0,,,,,0.0,2023-01-24,1456.0,1.0,1.0,0,77.0,0.0,0.0,0.0,0.0,0.0,0.0,0.0,0.0,0.0,0.0,0.0,0.0,0.0,0.0,0.0,0.0,0.0,0.0,1.0,64.0,150.0,28.4,37.4,116.0,74.0,2.0,0.0,122.0,2019-01-29,2019-01-29,1.0,2019-01-29,1.0,0.0,0.0,0.0,1.0,0.0,0.0,0.0,0.0,0.0,0.0,0.0,0.0,0.0,0.0,0.0,0.0,0.0,0.0,0.0,0.0,0.0,0.0,0.0,0.0,0.0,0.0,0.0,2.0,0.0,0.0,1.0,0.0,0.0,0.0,0.0,0.0,0.0,0.0,0.0,1.0,0.0,0.0,0.0,0.0,0.0,0.0,0.0,,1.0,0.0,,2019-01-30,1.0,SURVI,0.0,2019-02-08,10.0,2019-01-30,10.0,9.3,1.0,285.0,6.0,94,,2.0,285.0,,48.0,2.7,,153,,2019-01-29,11.2,9.1,0.0,11.2,0.0,1.02,0.66,0.0,1.02,0.0,236.0,0.559322033898305,132.0,0.0,-104.0,236.0,1.0,6.42,0.9,,19.0,35,18.0,14.0,27.0,64.0,6.0,4,90.0,,0.0,1.0,0.0,,1.0,0.0,,,,0.0,0.0,,,0.0,,2019-01-30,no bjn,0.0,0.0,1.0,0.0,1.0,1.0,1.0,0.0,1.0,0.0,1.0,1.0,1.0,0.0,0.0,0.0,0.0,0.0,1.0,0.0,0.0,1.0,1.0,0.0,1,1.0,1.0,1.0,1.0,0.0,0.0,0,0.0,0.0,0.0,1.0,0.0,0,0.0,0.0,0.0,0.0,0.0,0.0,0.0,1.0,,0.0,1.0,0.0,0.0,0.0,0.0,0.0,1.0,0.0,1.0,0.0,2019-02-04,bjn,1.0,1.0,1.0,0.0,1.0,1.0,1.0,0.0,1.0,0.0,1.0,1.0,1.0,0.0,0.0,0.0,0.0,0.0,1.0,0.0,0.0,1.0,1.0,0.0,1.0,1.0,1.0,1.0,1.0,0.0,0.0,0,0.0,0.0,0.0,1.0,0.0,0,0.0,0.0,0.0,0.0,0.0,0.0,0.0,0.0,0.0,0.0,1.0,0.0,0.0,0.0,0.0,0.0,1.0,0.0,1.0,0.0,,,1.0,1.0,1.0,0.0,1.0,1.0,1.0,0.0,1.0,0.0,1.0,1.0,1.0,0.0,0.0,0.0,0.0,0.0,1.0,0.0,0.0,1.0,1.0,0.0,1.0,1.0,1.0,1.0,1.0,0.0,0.0,0.0,0.0,0.0,0.0,1.0,0.0,0.0,0.0,0.0,0.0,0.0,0.0,0.0,0.0,1.0,0.0,0.0,1.0,0.0,0.0,0.0,0.0,0.0,1.0,0.0,1.0,0.0,0.0,0.0,0.0,0.0,,,,0.0,0.0,1.0,1.0,1.0
PAT_056,45.0,0.0,1.0,2020-11-08,2.0,,0.0,,,06/11/2020 ET 10/11/2020,2.0,2021-02-09,0.0,2023-06-02,938.0,1.0,0.0,0,89.0,1.0,1.0,0.0,1.0,0.0,1.0,1.0,0.0,0.0,0.0,0.0,0.0,0.0,0.0,0.0,0.0,0.0,0.0,0.0,104.0,170.0,36.0,36.7,143.0,100.0,2.0,0.0,,2020-11-06,2020-11-06,0.0,2020-11-06,1.0,0.0,0.0,0.0,0.0,0.0,1.0,0.0,1.0,3.0,0.0,0.0,3.0,3.0,1.0,10.0,1.0,3.0,3.0,0.0,3.0,3.0,1.0,13.0,1.0,1.0,1.0,1.0,7.0,1.0,0.0,1.0,0.0,1.0,0.0,1.0,0.0,0.0,0.0,0.0,1.0,0.0,0.0,0.0,0.0,0.0,0.0,0.0,0.0,,,,2020-11-09,3.0,REA BEAUJON,1.0,2020-11-17,9.0,2020-11-09,9.0,5.8,0.8,36.0,3.0,43,,1.0,36.0,,307.0,12.0,,,281.0,2020-11-06,7.0,,,,,,2.6,1.0,2.6,1.0,,,,,0.0,,,,,,30.0,,757.0,920.0,37.0,35.0,34.0,23,,7.52,,1.0,1.0,,1.0,1.0,2020-11-19,,,0.0,0.0,,,0.0,,2020-11-07,no bjn,1.0,0.0,1.0,0.0,1.0,1.0,1.0,1.0,1.0,1.0,1.0,1.0,0.0,0.0,0.0,0.0,0.0,1.0,0.0,0.0,0.0,1.0,1.0,0.0,1,1.0,1.0,0.0,1.0,0.0,0.0,0,0.0,0.0,0.0,1.0,0.0,0,0.0,0.0,0.0,1.0,1.0,0.0,0.0,1.0,0.0,0.0,0.0,0.0,0.0,0.0,0.0,0.0,1.0,0.0,0.0,0.0,,,,,,,,,,,,,,,,,,,,,,,,,,,,,,,,,,,,,,,,,,,,,,,,,,,,,,,,,,,,,,,1.0,0.0,1.0,0.0,1.0,1.0,1.0,1.0,1.0,1.0,1.0,1.0,0.0,0.0,0.0,0.0,0.0,1.0,0.0,0.0,0.0,1.0,1.0,0.0,1.0,1.0,1.0,0.0,1.0,0.0,0.0,0.0,0.0,0.0,0.0,1.0,0.0,0.0,0.0,0.0,0.0,1.0,1.0,0.0,0.0,1.0,0.0,0.0,0.0,0.0,0.0,0.0,0.0,0.0,1.0,0.0,0.0,0.0,0.0,0.0,0.0,0.0,,,,0.0,0.0,1.0,3.0,3.0
PAT_057,68.0,1.0,0.0,,2313.0,,0.0,0.0,,,,,0.0,2023-03-03,2313.0,1.0,1.0,0,60.0,0.0,1.0,0.0,1.0,1.0,0.0,0.0,0.0,0.0,0.0,0.0,0.0,0.0,0.0,0.0,0.0,0.0,0.0,0.0,92.0,156.0,37.8,36.8,100.0,59.0,2.0,0.0,82.0,2016-11-01,2016-11-01,0.0,2016-11-01,1.0,0.0,0.0,0.0,0.0,0.0,0.0,0.0,0.0,0.0,1.0,0.0,0.0,0.0,0.0,1.0,0.0,0.0,0.0,0.0,0.0,0.0,0.0,0.0,0.0,0.0,0.0,,,0.0,0.0,0.0,0.0,1.0,1.0,0.0,0.0,0.0,0.0,0.0,1.0,0.0,0.0,0.0,0.0,0.0,0.0,0.0,,1.0,0.0,,2016-11-04,3.0,SURVI,,2016-11-09,6.0,2016-11-01,10.0,8.9,1.4,368.0,,62,,2.0,368.0,,65.0,4.1,,,,2016-11-01,11.9,10.4,0.0,11.9,0.0,1.45,0.96,0.0,1.45,0.0,155.0,1.0,155.0,0.0,0.0,155.0,0.0,0.23,,,22.0,,48.0,55.0,67.0,118.0,12.0,6,,,,1.0,0.0,,1.0,0.0,,,,0.0,0.0,,,0.0,,2016-11-01,no bjn,1.0,0.0,1.0,0.0,1.0,1.0,1.0,1.0,1.0,1.0,1.0,1.0,0.0,0.0,0.0,0.0,0.0,0.0,1.0,0.0,0.0,1.0,1.0,0.0,1,1.0,1.0,0.0,1.0,0.0,0.0,0,0.0,0.0,0.0,1.0,0.0,0,0.0,0.0,0.0,0.0,1.0,0.0,0.0,0.0,0.0,0.0,1.0,0.0,0.0,0.0,0.0,0.0,0.0,0.0,1.0,0.0,2016-11-07,no bjn,1.0,1.0,1.0,0.0,1.0,1.0,1.0,1.0,1.0,1.0,1.0,1.0,0.0,0.0,0.0,0.0,0.0,0.0,1.0,0.0,0.0,1.0,1.0,0.0,1.0,1.0,1.0,1.0,1.0,0.0,0.0,0,0.0,0.0,0.0,1.0,0.0,0,0.0,0.0,0.0,0.0,1.0,0.0,0.0,1.0,0.0,0.0,1.0,0.0,0.0,0.0,0.0,1.0,1.0,0.0,1.0,0.0,,,1.0,1.0,1.0,0.0,1.0,1.0,1.0,1.0,1.0,1.0,1.0,1.0,0.0,0.0,0.0,0.0,0.0,0.0,1.0,0.0,0.0,1.0,1.0,0.0,1.0,1.0,1.0,1.0,1.0,0.0,0.0,0.0,0.0,0.0,0.0,1.0,0.0,0.0,0.0,0.0,0.0,0.0,1.0,0.0,0.0,1.0,0.0,0.0,1.0,0.0,0.0,0.0,0.0,1.0,1.0,0.0,1.0,0.0,0.0,0.0,0.0,0.0,,,,0.0,0.0,0.0,0.0,3.0
PAT_058,37.0,0.0,0.0,,263.0,,0.0,0.0,,,,,0.0,2022-12-13,263.0,3.0,1.0,0,75.0,0.0,1.0,0.0,0.0,0.0,0.0,1.0,0.0,0.0,0.0,0.0,0.0,0.0,0.0,0.0,0.0,0.0,0.0,0.0,85.0,188.0,24.1,36.3,125.0,83.0,1.0,0.0,129.0,2022-03-25,2022-03-25,0.0,2022-03-07,1.0,0.0,1.0,1.0,0.0,0.0,0.0,0.0,1.0,0.0,0.0,0.0,0.0,0.0,0.0,0.0,0.0,0.0,0.0,0.0,0.0,0.0,0.0,0.0,0.0,0.0,0.0,0.0,2.0,0.0,0.0,0.0,0.0,0.0,0.0,0.0,0.0,0.0,0.0,0.0,0.0,0.0,0.0,0.0,0.0,0.0,0.0,0.0,0.0,1.0,0.0,,2022-03-25,18.0,SURVI,0.0,2022-03-31,6.0,2022-03-25,13.0,13.1,0.9,418.0,7.0,74,,2.0,418.0,,75.0,5.1,,49,,2022-03-25,15.0,10.0,0.0,15.0,1.0,1.3,1.2,0.0,1.3,0.0,426.0,0.622065727699531,265.0,1.0,-161.0,426.0,1.0,1.0,,,25.0,48,46.0,72.0,158.0,183.0,9.0,5,265.0,,1.0,1.0,0.0,,1.0,0.0,,,,0.0,0.0,,,0.0,,2022-03-24,no bjn,1.0,1.0,1.0,0.0,1.0,0.0,0.0,0.0,0.0,1.0,1.0,1.0,0.0,0.0,0.0,0.0,1.0,0.0,0.0,1.0,0.0,0.0,0.0,0.0,0,0.0,0.0,0.0,1.0,0.0,0.0,0,0.0,0.0,0.0,1.0,0.0,0,0.0,0.0,0.0,1.0,1.0,0.0,0.0,1.0,0.0,1.0,1.0,0.0,0.0,0.0,0.0,1.0,1.0,0.0,0.0,0.0,2022-03-31,bjn,0.0,0.0,1.0,0.0,1.0,0.0,0.0,0.0,0.0,0.0,1.0,1.0,0.0,0.0,0.0,0.0,1.0,0.0,0.0,1.0,0.0,0.0,0.0,0.0,0.0,0.0,0.0,0.0,1.0,0.0,0.0,0,0.0,0.0,0.0,1.0,0.0,0,0.0,0.0,0.0,0.0,1.0,0.0,0.0,1.0,0.0,1.0,1.0,0.0,0.0,0.0,0.0,0.0,1.0,0.0,0.0,0.0,,,1.0,1.0,1.0,0.0,1.0,0.0,0.0,0.0,0.0,1.0,1.0,1.0,0.0,0.0,0.0,0.0,1.0,0.0,0.0,1.0,0.0,0.0,0.0,0.0,0.0,0.0,0.0,0.0,1.0,0.0,0.0,0.0,0.0,0.0,0.0,1.0,0.0,0.0,0.0,0.0,0.0,1.0,1.0,0.0,0.0,1.0,0.0,1.0,1.0,0.0,0.0,0.0,0.0,1.0,1.0,0.0,0.0,0.0,0.0,0.0,0.0,0.0,,0.0,,18.0,18.0,17.0,18.0,18.0
PAT_059,31.0,0.0,0.0,,629.0,,0.0,0.0,,,,,0.0,2023-04-24,629.0,3.0,0.0,1,75.0,0.0,0.0,0.0,0.0,0.0,0.0,0.0,0.0,0.0,0.0,0.0,0.0,0.0,0.0,0.0,0.0,0.0,0.0,0.0,96.0,161.0,37.0,37.6,148.0,106.0,3.0,1.0,96.0,2021-08-03,2021-08-03,0.0,2021-08-01,1.0,1.0,0.0,1.0,0.0,0.0,0.0,0.0,0.0,0.0,0.0,0.0,0.0,0.0,0.0,0.0,0.0,0.0,0.0,0.0,0.0,0.0,0.0,0.0,0.0,0.0,0.0,0.0,1.0,0.0,0.0,0.0,0.0,0.0,0.0,0.0,0.0,0.0,0.0,0.0,0.0,0.0,0.0,0.0,0.0,0.0,0.0,0.0,0.0,1.0,0.0,,2021-08-05,4.0,SURVI,0.0,2021-08-12,8.0,2021-08-05,16.0,9.3,2.2,279.0,6.98,82,,1.0,284.0,,100.0,5.1,,,,2021-08-03,12.4,7.9,0.0,12.0,0.0,1.3,1.3,0.0,1.3,0.0,294.0,0.564625850340136,166.0,0.0,-128.0,294.0,1.0,0.0,,,28.0,,21.0,13.0,40.0,82.0,13.0,7,,,0.0,1.0,0.0,,1.0,1.0,2021-08-06,,,0.0,0.0,,,0.0,,2021-08-03,no bjn,0.0,0.0,1.0,0.0,1.0,0.0,0.0,0.0,1.0,0.0,1.0,1.0,1.0,0.0,0.0,0.0,1.0,0.0,0.0,0.0,1.0,0.0,1.0,1.0,0,1.0,0.0,0.0,1.0,0.0,0.0,0,0.0,0.0,0.0,1.0,0.0,0,0.0,0.0,0.0,1.0,1.0,1.0,0.0,1.0,,1.0,1.0,0.0,0.0,0.0,0.0,1.0,1.0,0.0,0.0,0.0,2021-08-06,bjn,0.0,0.0,1.0,0.0,1.0,0.0,0.0,0.0,1.0,0.0,1.0,1.0,1.0,0.0,0.0,0.0,1.0,0.0,0.0,0.0,1.0,0.0,1.0,1.0,0.0,1.0,0.0,0.0,1.0,0.0,0.0,0,0.0,0.0,0.0,1.0,0.0,0,0.0,0.0,0.0,1.0,1.0,1.0,0.0,1.0,,1.0,1.0,0.0,0.0,0.0,0.0,1.0,1.0,0.0,0.0,0.0,,,0.0,0.0,1.0,0.0,1.0,0.0,0.0,0.0,1.0,0.0,1.0,1.0,1.0,0.0,0.0,0.0,1.0,0.0,0.0,0.0,1.0,0.0,1.0,1.0,0.0,1.0,0.0,0.0,1.0,0.0,0.0,0.0,0.0,0.0,0.0,1.0,0.0,0.0,0.0,0.0,0.0,1.0,1.0,1.0,0.0,1.0,0.0,1.0,1.0,0.0,0.0,0.0,0.0,1.0,1.0,0.0,0.0,0.0,1.0,0.0,1.0,1.0,1.0,1.0,,2.0,2.0,2.0,4.0,4.0
PAT_060,26.0,1.0,1.0,2019-02-28,2.0,,1.0,1.0,0.0,28/02/2019 ET 09/03/2019,2.0,2019-07-04,0.0,2022-08-30,1281.0,3.0,0.0,1,92.0,0.0,0.0,0.0,0.0,0.0,1.0,0.0,0.0,0.0,0.0,0.0,0.0,0.0,0.0,0.0,0.0,0.0,0.0,0.0,69.0,168.0,24.4,39.4,115.0,75.0,3.0,1.0,145.0,2019-02-26,2019-02-26,0.0,2019-02-26,1.0,1.0,1.0,1.0,0.0,0.0,0.0,0.0,1.0,3.0,0.0,0.0,0.0,0.0,0.0,3.0,1.0,3.0,3.0,0.0,0.0,0.0,0.0,6.0,1.0,1.0,1.0,1.0,,1.0,1.0,0.0,0.0,1.0,0.0,0.0,0.0,0.0,1.0,0.0,1.0,0.0,0.0,0.0,0.0,0.0,0.0,0.0,,,1.0,1.0,2019-03-09,11.0,SURVI,1.0,2019-03-10,2.0,2019-03-09,7.0,13.5,1.6,717.0,8.0,58,,1.0,717.0,,54.0,2.9,,,,2019-02-26,16.0,35.0,1.0,35.0,1.0,2.3,2.8,1.0,2.8,1.0,229.0,1.0,229.0,1.0,0.0,,,0.17,,,23.0,,23.0,5.0,43.0,54.0,7.0,4,,,0.0,1.0,1.0,,1.0,1.0,2019-03-09,,,0.0,0.0,,,0.0,,2019-02-12,no bjn,,,,,,,,,,,,,,,,,,,,,,,,,,,,,,,,,,,,,,,,,,,,,,,,,,,,,,,,,,,2019-02-17,no bjn,0.0,0.0,1.0,0.0,,,,,,,,,,,,,,,,,,,,,,,,,,,,,,,,,,,,,,,,,,,,,,,,,,,,,,,,,0.0,0.0,1.0,0.0,0.0,0.0,0.0,0.0,0.0,0.0,0.0,0.0,0.0,0.0,0.0,0.0,0.0,0.0,0.0,0.0,0.0,0.0,0.0,0.0,0.0,0.0,0.0,0.0,0.0,0.0,0.0,0.0,0.0,0.0,0.0,0.0,0.0,0.0,0.0,0.0,0.0,0.0,0.0,0.0,0.0,0.0,0.0,0.0,0.0,0.0,0.0,0.0,0.0,0.0,0.0,0.0,0.0,0.0,0.0,0.0,0.0,0.0,,,,0.0,0.0,,11.0,11.0
PAT_061,29.0,0.0,0.0,,104.0,,0.0,0.0,,,,,0.0,2020-08-14,104.0,3.0,0.0,1,75.0,0.0,0.0,0.0,0.0,0.0,0.0,0.0,0.0,0.0,0.0,0.0,0.0,0.0,0.0,0.0,0.0,0.0,0.0,0.0,92.0,190.0,25.5,36.4,149.0,97.0,3.0,1.0,93.0,2020-05-02,2020-05-02,0.0,2020-04-25,1.0,1.0,1.0,1.0,0.0,1.0,0.0,0.0,1.0,0.0,0.0,0.0,0.0,0.0,0.0,0.0,0.0,0.0,0.0,0.0,0.0,0.0,0.0,0.0,0.0,0.0,0.0,0.0,1.0,0.0,0.0,0.0,0.0,0.0,0.0,0.0,0.0,0.0,0.0,0.0,0.0,0.0,0.0,0.0,0.0,0.0,0.0,0.0,0.0,1.0,0.0,,2020-05-02,7.0,SURVI,0.0,2020-05-07,6.0,2020-05-02,15.0,10.9,1.0,352.0,5.0,62,,1.0,352.0,,67.0,3.5,,,,2020-05-02,12.0,13.0,1.0,13.0,0.0,,1.4,0.0,1.4,0.0,64.0,1.71875,110.0,0.0,46.0,,,,,,24.0,,33.0,61.0,26.0,62.0,12.0,6,,7.38,0.0,0.0,,,0.0,0.0,,,,0.0,0.0,,,0.0,,2020-05-01,no bjn,1.0,0.0,1.0,0.0,1.0,1.0,1.0,0.0,0.0,1.0,1.0,1.0,1.0,1.0,1.0,1.0,0.0,0.0,1.0,0.0,0.0,1.0,1.0,0.0,1,1.0,1.0,0.0,1.0,0.0,0.0,0,0.0,0.0,0.0,1.0,0.0,0,0.0,0.0,0.0,0.0,1.0,1.0,0.0,1.0,0.0,1.0,1.0,0.0,0.0,0.0,0.0,1.0,1.0,0.0,0.0,0.0,2020-05-03,bjn,0.0,1.0,1.0,0.0,1.0,1.0,1.0,0.0,0.0,1.0,1.0,1.0,1.0,1.0,1.0,1.0,0.0,0.0,1.0,0.0,0.0,1.0,1.0,0.0,1.0,1.0,1.0,0.0,1.0,0.0,0.0,0,0.0,0.0,0.0,1.0,0.0,0,0.0,0.0,0.0,1.0,1.0,0.0,0.0,1.0,,1.0,1.0,0.0,0.0,0.0,0.0,1.0,1.0,0.0,0.0,0.0,,,1.0,1.0,1.0,0.0,1.0,1.0,1.0,0.0,0.0,1.0,1.0,1.0,1.0,1.0,1.0,1.0,0.0,0.0,1.0,0.0,0.0,1.0,1.0,0.0,1.0,1.0,1.0,0.0,1.0,0.0,0.0,0.0,0.0,0.0,0.0,1.0,0.0,0.0,0.0,0.0,0.0,1.0,1.0,1.0,0.0,1.0,0.0,1.0,1.0,0.0,0.0,0.0,0.0,1.0,1.0,0.0,0.0,0.0,1.0,0.0,1.0,1.0,0.0,,,7.0,7.0,6.0,7.0,7.0
PAT_062,56.0,1.0,0.0,,1293.0,,0.0,0.0,,,,,0.0,2021-06-10,1293.0,3.0,1.0,0,93.0,0.0,1.0,0.0,0.0,0.0,0.0,0.0,0.0,0.0,0.0,0.0,1.0,0.0,0.0,0.0,0.0,0.0,0.0,0.0,84.0,,,37.4,,,,,114.0,2017-11-25,2017-11-25,0.0,2017-11-25,1.0,0.0,0.0,1.0,0.0,1.0,0.0,0.0,0.0,0.0,0.0,0.0,0.0,0.0,1.0,1.0,0.0,0.0,0.0,0.0,0.0,0.0,1.0,1.0,0.0,0.0,0.0,0.0,,0.0,0.0,0.0,0.0,0.0,0.0,0.0,0.0,0.0,0.0,0.0,0.0,0.0,0.0,1.0,0.0,0.0,0.0,0.0,,1.0,0.0,,2017-11-25,0.0,SURVI,0.0,2017-11-29,5.0,2017-11-25,12.0,4.3,0.7,172.0,4.0,55,,2.0,172.0,,59.0,3.5,,298,,2017-11-25,6.0,3.9,0.0,6.0,0.0,1.39,1.48,0.0,1.48,0.0,60.0,1.0,60.0,0.0,0.0,95.0,0.0,,,,24.0,3,34.0,17.0,18.0,112.0,25.0,10,,,,1.0,0.0,,1.0,0.0,,,,0.0,0.0,,,0.0,,2017-11-25,no bjn,0.0,0.0,1.0,0.0,1.0,0.0,0.0,0.0,1.0,1.0,1.0,1.0,0.0,0.0,0.0,0.0,1.0,0.0,0.0,0.0,1.0,0.0,1.0,1.0,0,0.0,1.0,1.0,1.0,0.0,0.0,0,0.0,0.0,0.0,1.0,0.0,0,0.0,0.0,0.0,1.0,1.0,1.0,0.0,1.0,,0.0,1.0,0.0,0.0,0.0,0.0,1.0,1.0,0.0,1.0,1.0,,,,,,,,,,,,,,,,,,,,,,,,,,,,,,,,,,,,,,,,,,,,,,,,,,,,,,,,,,,,,,,0.0,0.0,1.0,0.0,1.0,0.0,0.0,0.0,1.0,1.0,1.0,1.0,0.0,0.0,0.0,0.0,1.0,0.0,0.0,0.0,1.0,0.0,1.0,1.0,0.0,0.0,1.0,1.0,1.0,0.0,0.0,0.0,0.0,0.0,0.0,1.0,0.0,0.0,0.0,0.0,0.0,1.0,1.0,1.0,0.0,1.0,0.0,0.0,1.0,0.0,0.0,0.0,0.0,1.0,1.0,0.0,1.0,1.0,1.0,0.0,1.0,1.0,,,,0.0,0.0,0.0,0.0,0.0
PAT_063,39.0,1.0,0.0,,180.0,,0.0,0.0,,,,,0.0,2023-03-01,180.0,3.0,0.0,1,93.0,0.0,1.0,0.0,0.0,0.0,1.0,0.0,0.0,0.0,0.0,0.0,0.0,0.0,0.0,0.0,0.0,0.0,0.0,0.0,144.0,175.0,47.0,37.0,139.0,99.0,3.0,1.0,127.0,2022-09-02,2022-09-02,0.0,2022-07-31,1.0,1.0,0.0,0.0,0.0,0.0,0.0,0.0,0.0,0.0,0.0,0.0,0.0,0.0,0.0,0.0,0.0,0.0,0.0,0.0,0.0,0.0,0.0,0.0,0.0,0.0,0.0,0.0,2.0,0.0,0.0,0.0,0.0,0.0,0.0,0.0,0.0,0.0,1.0,0.0,0.0,1.0,0.0,0.0,0.0,0.0,0.0,0.0,0.0,1.0,0.0,,2022-09-08,39.0,SURVI,0.0,2022-09-12,5.0,2022-07-30,15.0,7.22,3.1,310.0,8.1,75,,1.0,310.0,,39.0,0.8,263,72,3.0,2022-07-30,12.0,8.4,0.0,12.0,0.0,0.7,0.7,0.0,0.7,0.0,52.0,4.96153846153846,258.0,1.0,206.0,258.0,1.0,0.03,,,26.0,,28.0,15.0,85.0,65.0,6.0,2,,,,1.0,0.0,,1.0,0.0,,,,0.0,0.0,,,0.0,,2022-07-30,no bjn,1.0,0.0,1.0,0.0,1.0,0.0,0.0,0.0,0.0,0.0,1.0,0.0,1.0,1.0,1.0,1.0,1.0,0.0,0.0,1.0,0.0,0.0,0.0,0.0,0,0.0,0.0,0.0,1.0,0.0,0.0,0,0.0,0.0,0.0,1.0,0.0,0,0.0,0.0,0.0,0.0,0.0,0.0,0.0,0.0,0.0,0.0,1.0,0.0,0.0,0.0,0.0,0.0,0.0,0.0,0.0,0.0,2022-08-03,no bjn,1.0,0.0,1.0,0.0,1.0,0.0,0.0,0.0,0.0,0.0,1.0,0.0,1.0,1.0,1.0,1.0,1.0,0.0,0.0,1.0,0.0,0.0,0.0,0.0,0.0,0.0,0.0,0.0,1.0,0.0,0.0,0,0.0,0.0,0.0,1.0,0.0,0,0.0,0.0,0.0,0.0,0.0,0.0,0.0,0.0,0.0,0.0,1.0,0.0,0.0,0.0,0.0,0.0,1.0,0.0,0.0,0.0,,,1.0,0.0,1.0,0.0,1.0,0.0,0.0,0.0,0.0,0.0,1.0,0.0,1.0,1.0,1.0,1.0,1.0,0.0,0.0,1.0,0.0,0.0,0.0,0.0,0.0,0.0,0.0,0.0,1.0,0.0,0.0,0.0,0.0,0.0,0.0,1.0,0.0,0.0,0.0,0.0,0.0,0.0,0.0,0.0,0.0,0.0,0.0,0.0,1.0,0.0,0.0,0.0,0.0,0.0,1.0,0.0,0.0,0.0,0.0,0.0,0.0,0.0,,,,33.0,33.0,,,39.0
PAT_064,74.0,1.0,0.0,,45.0,,0.0,0.0,,,,,0.0,2022-07-12,45.0,1.0,0.0,0,8.0,0.0,1.0,1.0,1.0,1.0,0.0,0.0,0.0,0.0,0.0,0.0,0.0,0.0,0.0,0.0,0.0,0.0,0.0,0.0,86.0,150.0,38.2,37.4,147.0,82.0,,,63.0,2022-05-28,2022-05-28,0.0,2022-05-26,1.0,0.0,0.0,0.0,1.0,1.0,0.0,0.0,0.0,0.0,0.0,0.0,0.0,0.0,0.0,0.0,0.0,0.0,0.0,0.0,0.0,0.0,0.0,0.0,0.0,0.0,0.0,0.0,2.0,0.0,0.0,0.0,0.0,0.0,0.0,0.0,0.0,0.0,0.0,0.0,0.0,0.0,0.0,0.0,0.0,0.0,0.0,0.0,0.0,1.0,,,2022-06-02,7.0,SURVI,0.0,2022-06-10,9.0,2022-06-02,12.0,6.6,1.5,173.0,4.0,73,,1.0,173.0,,79.0,5.0,,94,,2022-05-28,9.0,12.0,0.0,12.0,0.0,2.3,1.4,0.0,2.3,1.0,51.0,1.01960784313725,52.0,0.0,1.0,52.0,0.0,0.88,,,27.0,532,38.0,31.0,61.0,68.0,9.0,6,,7.38,0.0,1.0,0.0,,1.0,0.0,,,,0.0,0.0,,,0.0,,2022-05-28,no bjn,0.0,1.0,1.0,0.0,1.0,1.0,0.0,0.0,1.0,1.0,1.0,1.0,1.0,0.0,0.0,0.0,0.0,0.0,1.0,0.0,0.0,1.0,1.0,0.0,1,1.0,1.0,0.0,1.0,0.0,0.0,0,0.0,0.0,0.0,1.0,0.0,0,0.0,0.0,0.0,1.0,1.0,1.0,0.0,1.0,,0.0,1.0,1.0,1.0,0.0,0.0,1.0,1.0,0.0,0.0,0.0,2022-06-03,bjn,0.0,1.0,1.0,0.0,1.0,1.0,0.0,0.0,1.0,1.0,1.0,1.0,1.0,0.0,0.0,0.0,0.0,0.0,1.0,0.0,1.0,0.0,1.0,1.0,0.0,1.0,1.0,1.0,1.0,0.0,0.0,0,0.0,0.0,0.0,1.0,0.0,0,0.0,0.0,0.0,0.0,1.0,1.0,0.0,1.0,0.0,0.0,1.0,0.0,1.0,0.0,0.0,1.0,1.0,0.0,0.0,0.0,,,0.0,1.0,1.0,0.0,1.0,1.0,0.0,0.0,1.0,1.0,1.0,1.0,1.0,0.0,0.0,0.0,0.0,0.0,1.0,0.0,1.0,1.0,1.0,1.0,1.0,1.0,1.0,1.0,1.0,0.0,0.0,0.0,0.0,0.0,0.0,1.0,0.0,0.0,0.0,0.0,0.0,1.0,1.0,1.0,0.0,1.0,0.0,0.0,1.0,1.0,1.0,0.0,0.0,1.0,1.0,0.0,0.0,0.0,1.0,0.0,1.0,1.0,1.0,0.0,,2.0,2.0,2.0,7.0,7.0
PAT_065,73.0,0.0,0.0,,258.0,,0.0,0.0,,,,,0.0,2023-05-24,258.0,1.0,0.0,0,78.0,0.0,0.0,0.0,0.0,0.0,0.0,0.0,0.0,0.0,0.0,0.0,0.0,0.0,0.0,0.0,1.0,0.0,0.0,0.0,86.0,170.0,29.8,38.2,150.0,80.0,,,,2022-09-08,2022-09-08,0.0,2022-09-05,1.0,0.0,1.0,0.0,0.0,0.0,0.0,0.0,0.0,0.0,0.0,0.0,0.0,0.0,0.0,0.0,0.0,0.0,3.0,0.0,0.0,0.0,0.0,3.0,1.0,1.0,0.0,1.0,,0.0,0.0,0.0,0.0,1.0,0.0,0.0,0.0,1.0,0.0,0.0,1.0,0.0,0.0,0.0,0.0,0.0,0.0,0.0,0.0,0.0,,,2022-09-15,10.0,HEPATO,0.0,2022-09-21,7.0,2022-09-16,12.0,6.2,1.3,406.0,,73,,8.0,406.0,,80.0,2.4,266,,,2022-09-08,8.0,17.0,1.0,17.0,1.0,2.6,2.6,1.0,2.6,1.0,179.0,1.17877094972067,211.0,1.0,32.0,211.0,1.0,0.0,,,20.0,353,32.0,25.0,103.0,73.0,13.0,8,,,,0.0,,,1.0,0.0,,,,0.0,0.0,,,0.0,,2022-09-08,no bjn,1.0,0.0,1.0,0.0,1.0,0.0,0.0,0.0,0.0,0.0,1.0,1.0,1.0,0.0,0.0,0.0,1.0,0.0,0.0,0.0,1.0,0.0,1.0,1.0,0,0.0,1.0,0.0,1.0,0.0,0.0,0,0.0,0.0,0.0,1.0,0.0,0,0.0,0.0,0.0,1.0,1.0,1.0,0.0,1.0,1.0,1.0,1.0,0.0,0.0,0.0,0.0,1.0,1.0,0.0,0.0,0.0,2022-09-10,no bjn,1.0,1.0,1.0,0.0,1.0,0.0,0.0,0.0,0.0,0.0,1.0,0.0,1.0,0.0,0.0,0.0,1.0,0.0,0.0,0.0,1.0,0.0,0.0,0.0,0.0,0.0,0.0,0.0,1.0,0.0,0.0,0,0.0,0.0,0.0,1.0,0.0,0,0.0,0.0,0.0,1.0,1.0,0.0,0.0,1.0,1.0,1.0,1.0,0.0,0.0,0.0,0.0,1.0,1.0,0.0,0.0,0.0,,,1.0,1.0,1.0,0.0,1.0,0.0,0.0,0.0,0.0,0.0,1.0,1.0,1.0,0.0,0.0,0.0,1.0,0.0,0.0,0.0,1.0,0.0,1.0,1.0,0.0,0.0,1.0,0.0,1.0,0.0,0.0,0.0,0.0,0.0,0.0,1.0,0.0,0.0,0.0,0.0,0.0,1.0,1.0,1.0,0.0,1.0,1.0,1.0,1.0,0.0,0.0,0.0,0.0,1.0,1.0,0.0,0.0,0.0,1.0,1.0,1.0,1.0,0.0,1.0,,3.0,3.0,3.0,11.0,10.0
PAT_066,71.0,0.0,0.0,,693.0,,0.0,0.0,,,,,0.0,2023-05-10,693.0,1.0,0.0,0,45.0,1.0,1.0,0.0,0.0,0.0,1.0,1.0,0.0,0.0,0.0,0.0,0.0,0.0,0.0,0.0,0.0,0.0,0.0,0.0,97.0,175.0,31.7,37.8,136.0,81.0,3.0,1.0,93.0,2021-06-16,2021-06-16,0.0,2021-06-16,1.0,1.0,0.0,0.0,0.0,1.0,1.0,0.0,0.0,0.0,0.0,0.0,0.0,0.0,0.0,0.0,0.0,0.0,0.0,0.0,0.0,0.0,0.0,0.0,0.0,0.0,0.0,0.0,1.0,0.0,0.0,0.0,0.0,1.0,0.0,1.0,0.0,0.0,0.0,0.0,1.0,0.0,0.0,0.0,0.0,0.0,0.0,0.0,0.0,1.0,0.0,,2021-06-18,2.0,SURVI,0.0,2021-06-22,5.0,2021-06-18,11.0,4.3,1.3,177.0,5.0,67,,1.0,177.0,,64.0,2.2,,,,2021-06-16,6.0,5.0,0.0,6.0,0.0,1.87,1.3,0.0,1.87,0.0,151.0,0.47682119205298,72.0,0.0,-79.0,151.0,0.0,,,,,,26.0,11.0,61.0,40.0,11.0,7,,,0.0,0.0,,,0.0,0.0,,,,0.0,0.0,,,0.0,,2021-06-16,no bjn,1.0,1.0,1.0,0.0,1.0,1.0,1.0,0.0,0.0,1.0,0.0,1.0,0.0,0.0,0.0,0.0,0.0,1.0,0.0,0.0,1.0,0.0,1.0,0.0,1,1.0,1.0,1.0,1.0,0.0,0.0,0,0.0,0.0,0.0,1.0,0.0,0,0.0,0.0,0.0,0.0,1.0,0.0,0.0,1.0,0.0,1.0,1.0,0.0,0.0,0.0,0.0,1.0,1.0,0.0,0.0,1.0,2021-06-20,bjn,1.0,1.0,1.0,0.0,1.0,1.0,1.0,0.0,0.0,1.0,0.0,1.0,0.0,0.0,0.0,0.0,0.0,1.0,0.0,0.0,1.0,0.0,1.0,1.0,0.0,1.0,1.0,1.0,1.0,0.0,0.0,0,0.0,0.0,0.0,1.0,0.0,0,0.0,0.0,0.0,0.0,1.0,0.0,0.0,1.0,0.0,1.0,1.0,0.0,0.0,0.0,0.0,1.0,1.0,0.0,0.0,1.0,,,1.0,1.0,1.0,0.0,1.0,1.0,1.0,0.0,0.0,1.0,0.0,1.0,0.0,0.0,0.0,0.0,0.0,1.0,0.0,0.0,1.0,0.0,1.0,1.0,1.0,1.0,1.0,1.0,1.0,0.0,0.0,0.0,0.0,0.0,0.0,1.0,0.0,0.0,0.0,0.0,0.0,0.0,1.0,0.0,0.0,1.0,0.0,1.0,1.0,0.0,0.0,0.0,0.0,1.0,1.0,0.0,0.0,1.0,0.0,0.0,0.0,0.0,,,,0.0,0.0,0.0,2.0,2.0
PAT_067,69.0,1.0,1.0,2018-04-21,0.0,,1.0,1.0,0.0,2018-04-21 00:00:00,1.0,2018-08-09,0.0,2023-05-02,1837.0,1.0,0.0,0,93.0,1.0,1.0,0.0,0.0,1.0,0.0,0.0,0.0,0.0,0.0,0.0,0.0,0.0,0.0,0.0,0.0,0.0,0.0,0.0,75.0,150.0,33.3,37.8,140.0,65.0,2.0,0.0,72.0,2018-04-21,2018-04-21,0.0,2018-04-20,1.0,0.0,0.0,1.0,0.0,1.0,1.0,1.0,1.0,0.0,0.0,0.0,0.0,0.0,0.0,0.0,0.0,0.0,0.0,0.0,0.0,0.0,0.0,0.0,0.0,0.0,1.0,0.0,,0.0,0.0,0.0,0.0,0.0,0.0,0.0,0.0,0.0,0.0,0.0,0.0,0.0,0.0,0.0,0.0,0.0,0.0,0.0,,,,,2018-04-21,1.0,REA BEAUJON,1.0,2018-04-24,4.0,,14.5,,,179.0,,,,,,,,,,,,2018-04-21,11.0,8.8,0.0,11.0,0.0,5.0,3.3,1.0,5.0,1.0,,,,,0.0,,,0.53,,,,,,,,,,,,,,1.0,0.0,,1.0,0.0,,,,0.0,0.0,,,0.0,,2018-04-21,no bjn,1.0,0.0,1.0,0.0,1.0,1.0,1.0,1.0,1.0,1.0,1.0,1.0,1.0,0.0,0.0,0.0,0.0,0.0,1.0,0.0,0.0,1.0,1.0,0.0,1,0.0,0.0,1.0,1.0,0.0,0.0,0,0.0,0.0,0.0,1.0,1.0,25-50,1.0,0.0,0.0,0.0,1.0,1.0,0.0,1.0,0.0,1.0,1.0,0.0,0.0,0.0,0.0,1.0,1.0,0.0,0.0,0.0,,,,,,,,,,,,,,,,,,,,,,,,,,,,,,,,,,,,,,,,,,,,,,,,,,,,,,,,,,,,,,,1.0,0.0,1.0,0.0,1.0,1.0,1.0,1.0,1.0,1.0,1.0,1.0,1.0,0.0,0.0,0.0,0.0,0.0,1.0,0.0,0.0,1.0,1.0,0.0,1.0,0.0,0.0,1.0,1.0,0.0,0.0,0.0,0.0,0.0,0.0,1.0,1.0,,1.0,0.0,0.0,0.0,1.0,1.0,0.0,1.0,0.0,1.0,1.0,0.0,0.0,0.0,0.0,1.0,1.0,0.0,0.0,0.0,1.0,0.0,1.0,1.0,,,,1.0,1.0,1.0,,1.0
PAT_068,47.0,1.0,1.0,2017-09-07,4.0,,1.0,1.0,1.0,2017-09-07 00:00:00,1.0,2017-10-19,0.0,2021-02-02,1248.0,1.0,1.0,0,91.0,1.0,1.0,0.0,0.0,1.0,0.0,0.0,0.0,0.0,0.0,0.0,0.0,0.0,0.0,0.0,0.0,0.0,0.0,0.0,95.0,165.0,34.9,37.2,147.0,80.0,2.0,0.0,99.0,2017-09-03,2017-09-03,1.0,2017-09-03,1.0,0.0,0.0,0.0,0.0,0.0,0.0,0.0,0.0,0.0,0.0,0.0,0.0,3.0,1.0,3.0,1.0,0.0,0.0,0.0,0.0,3.0,1.0,4.0,1.0,1.0,1.0,1.0,,0.0,0.0,0.0,0.0,0.0,0.0,0.0,0.0,0.0,0.0,0.0,0.0,0.0,0.0,0.0,0.0,0.0,0.0,0.0,,,0.0,,2017-09-05,2.0,REA BEAUJON,1.0,2017-09-06,2.0,2017-09-08,8.0,8.5,0.9,410.0,,96,,8.0,410.0,,46.0,1.5,,25,,2017-09-03,12.9,16.0,1.0,16.0,1.0,0.8,0.55,0.0,2.8,1.0,169.0,1.39644970414201,236.0,1.0,67.0,236.0,1.0,5.8,,,18.0,,71.0,49.0,387.0,629.0,44.0,32,,,,1.0,1.0,,1.0,1.0,2017-09-21,,,0.0,0.0,,,0.0,,2017-08-18,no bjn,1.0,0.0,1.0,0.0,1.0,0.0,1.0,0.0,0.0,1.0,1.0,1.0,1.0,1.0,0.0,0.0,0.0,1.0,0.0,0.0,1.0,0.0,0.0,0.0,0,0.0,0.0,0.0,1.0,0.0,0.0,0,0.0,0.0,0.0,1.0,0.0,0,0.0,0.0,0.0,1.0,1.0,1.0,0.0,1.0,0.0,1.0,1.0,0.0,0.0,0.0,0.0,1.0,1.0,0.0,1.0,0.0,2017-09-06,bjn,1.0,1.0,1.0,0.0,1.0,0.0,1.0,0.0,0.0,0.0,1.0,1.0,1.0,1.0,0.0,0.0,0.0,1.0,0.0,0.0,1.0,0.0,0.0,0.0,0.0,0.0,0.0,0.0,1.0,0.0,0.0,0,0.0,0.0,0.0,1.0,0.0,0,0.0,0.0,0.0,1.0,1.0,1.0,1.0,1.0,0.0,1.0,1.0,0.0,0.0,1.0,1.0,1.0,1.0,1.0,1.0,0.0,,,1.0,1.0,1.0,0.0,1.0,0.0,1.0,0.0,0.0,1.0,1.0,1.0,1.0,1.0,0.0,0.0,0.0,1.0,0.0,0.0,1.0,0.0,0.0,0.0,0.0,0.0,0.0,0.0,1.0,0.0,0.0,0.0,0.0,0.0,0.0,1.0,0.0,0.0,0.0,0.0,0.0,1.0,1.0,1.0,1.0,1.0,0.0,1.0,1.0,0.0,0.0,1.0,1.0,1.0,1.0,1.0,1.0,0.0,1.0,0.0,1.0,1.0,1.0,1.0,,0.0,0.0,,5.0,2.0
PAT_069,74.0,1.0,0.0,,1405.0,,0.0,0.0,,,,,0.0,2023-06-06,1405.0,4.0,1.0,1,75.0,0.0,1.0,1.0,1.0,1.0,0.0,0.0,0.0,0.0,0.0,0.0,0.0,0.0,0.0,0.0,0.0,0.0,0.0,0.0,80.0,155.0,33.3,38.0,70.0,40.0,1.0,0.0,73.0,2019-08-01,2019-08-01,0.0,2019-08-01,1.0,0.0,0.0,0.0,0.0,0.0,0.0,0.0,0.0,0.0,0.0,0.0,0.0,0.0,0.0,0.0,0.0,0.0,0.0,0.0,0.0,0.0,0.0,0.0,0.0,0.0,1.0,0.0,2.0,0.0,0.0,0.0,0.0,1.0,0.0,0.0,0.0,0.0,0.0,0.0,1.0,1.0,0.0,0.0,0.0,0.0,0.0,0.0,,1.0,0.0,,2019-08-01,0.0,SURVI,0.0,2019-08-09,9.0,2019-08-01,9.0,10.2,0.6,150.0,5.0,69,3668,2.0,150.0,3668,70.0,7.1,,18,,2019-08-01,11.4,7.0,0.0,11.0,0.0,1.15,0.75,0.0,1.15,0.0,226.0,0.336283185840708,76.0,0.0,-150.0,226.0,1.0,7.68,8.77,8.77,26.0,61,31.0,30.0,27.0,56.0,10.0,6,,7.48,0.0,1.0,1.0,,1.0,1.0,2019-08-01,,,0.0,0.0,,,0.0,,2019-08-01,no bjn,1.0,0.0,1.0,0.0,1.0,0.0,0.0,0.0,0.0,1.0,0.0,0.0,0.0,0.0,0.0,0.0,1.0,0.0,0.0,1.0,0.0,0.0,0.0,0.0,0,0.0,0.0,0.0,0.0,1.0,0.0,<25,0.0,0.0,0.0,0.0,1.0,50-75,1.0,1.0,0.0,0.0,0.0,0.0,0.0,0.0,0.0,0.0,1.0,0.0,0.0,0.0,0.0,0.0,0.0,0.0,0.0,0.0,2019-10-16,bjn,0.0,0.0,1.0,0.0,1.0,0.0,0.0,0.0,0.0,1.0,0.0,0.0,0.0,0.0,0.0,0.0,1.0,0.0,0.0,1.0,0.0,0.0,0.0,0.0,0.0,0.0,0.0,0.0,0.0,1.0,0.0,<25,0.0,0.0,0.0,0.0,1.0,50-75,1.0,1.0,0.0,0.0,0.0,0.0,0.0,0.0,0.0,0.0,1.0,0.0,0.0,0.0,0.0,0.0,0.0,0.0,0.0,0.0,,,1.0,0.0,1.0,0.0,1.0,0.0,0.0,0.0,0.0,1.0,0.0,0.0,0.0,0.0,0.0,0.0,1.0,0.0,0.0,1.0,0.0,0.0,0.0,0.0,0.0,0.0,0.0,0.0,0.0,1.0,0.0,,0.0,0.0,0.0,0.0,1.0,,1.0,1.0,0.0,0.0,0.0,0.0,0.0,0.0,0.0,0.0,1.0,0.0,0.0,0.0,0.0,0.0,0.0,0.0,0.0,0.0,0.0,0.0,0.0,0.0,,,,0.0,0.0,0.0,0.0,0.0
PAT_070,64.0,0.0,0.0,,399.0,,0.0,0.0,,,,,0.0,2023-06-08,399.0,1.0,1.0,1,75.0,0.0,1.0,0.0,0.0,0.0,0.0,0.0,0.0,0.0,0.0,0.0,0.0,0.0,0.0,0.0,0.0,0.0,0.0,0.0,107.0,187.0,30.6,36.4,114.0,83.0,,,67.0,2022-05-05,2022-05-05,0.0,2022-05-05,1.0,0.0,0.0,1.0,0.0,1.0,0.0,0.0,0.0,0.0,0.0,0.0,0.0,0.0,0.0,0.0,0.0,0.0,0.0,0.0,0.0,0.0,0.0,0.0,0.0,0.0,0.0,0.0,1.0,0.0,0.0,0.0,0.0,1.0,0.0,0.0,0.0,0.0,0.0,0.0,1.0,0.0,0.0,0.0,0.0,0.0,0.0,0.0,0.0,1.0,0.0,,2022-05-05,0.0,SURVI,0.0,2022-05-10,6.0,2022-05-05,12.0,9.4,2.5,334.0,6.0,73,8304,2.0,334.0,8304,101.0,8.9,274,144,,2022-05-05,14.0,11.0,0.0,14.0,0.0,1.07,0.92,0.0,1.07,0.0,66.0,1.27272727272727,84.0,0.0,18.0,58.0,0.0,0.19,,,20.0,38,42.0,28.0,47.0,98.0,10.0,3,,,1.0,1.0,0.0,,1.0,0.0,,,,0.0,0.0,,,0.0,,2022-05-04,no bjn,1.0,0.0,1.0,0.0,1.0,1.0,1.0,0.0,1.0,1.0,0.0,1.0,0.0,0.0,0.0,0.0,1.0,0.0,0.0,0.0,1.0,0.0,1.0,0.0,1,0.0,1.0,0.0,1.0,0.0,0.0,0,0.0,0.0,0.0,1.0,0.0,0,0.0,0.0,0.0,1.0,1.0,0.0,0.0,1.0,0.0,0.0,1.0,0.0,0.0,0.0,0.0,1.0,1.0,0.0,0.0,0.0,2022-05-07,bjn,1.0,0.0,1.0,0.0,1.0,1.0,1.0,0.0,1.0,1.0,0.0,1.0,0.0,0.0,0.0,0.0,1.0,0.0,0.0,0.0,1.0,0.0,1.0,0.0,1.0,0.0,1.0,0.0,1.0,0.0,0.0,0,0.0,0.0,0.0,1.0,0.0,0,0.0,0.0,0.0,1.0,1.0,0.0,0.0,1.0,0.0,0.0,1.0,0.0,0.0,0.0,0.0,1.0,1.0,0.0,0.0,0.0,,,1.0,0.0,1.0,0.0,1.0,1.0,1.0,0.0,1.0,1.0,0.0,1.0,0.0,0.0,0.0,0.0,1.0,0.0,0.0,0.0,1.0,0.0,1.0,0.0,1.0,0.0,1.0,0.0,1.0,0.0,0.0,0.0,0.0,0.0,0.0,1.0,0.0,0.0,0.0,0.0,0.0,1.0,1.0,0.0,0.0,1.0,0.0,0.0,1.0,0.0,0.0,0.0,0.0,1.0,1.0,0.0,0.0,0.0,0.0,0.0,0.0,0.0,,1.0,,0.0,0.0,,0.0,0.0
PAT_071,31.0,1.0,0.0,,212.0,,0.0,0.0,,,,,0.0,2023-06-09,212.0,1.0,0.0,0,92.0,0.0,1.0,0.0,0.0,0.0,1.0,0.0,0.0,0.0,0.0,0.0,0.0,0.0,0.0,0.0,0.0,0.0,0.0,0.0,111.0,168.0,39.3,,,,2.0,0.0,102.0,2022-11-09,2022-11-09,0.0,2022-10-08,1.0,0.0,0.0,1.0,0.0,1.0,0.0,0.0,0.0,0.0,0.0,0.0,0.0,0.0,0.0,0.0,0.0,0.0,0.0,0.0,0.0,0.0,0.0,0.0,0.0,0.0,0.0,0.0,2.0,0.0,0.0,0.0,0.0,0.0,0.0,0.0,0.0,0.0,0.0,1.0,1.0,1.0,0.0,0.0,0.0,0.0,1.0,1.0,0.0,1.0,,,2022-11-09,32.0,SURVI,0.0,2022-11-18,10.0,2022-11-10,4.0,16,2.2,249.0,4.99,57,,8.0,249.0,,50.0,4.6,,,,2022-11-09,17.4,12.1,1.0,21.0,1.0,1.3,0.88,0.0,1.3,0.0,140.0,1.42857142857143,200.0,1.0,60.0,200.0,1.0,0.35,,,19.0,,14.0,8.0,18.0,93.0,5.0,3,,,,0.0,,,0.0,0.0,,,,0.0,0.0,,,0.0,,2022-11-09,no bjn,1.0,1.0,1.0,0.0,1.0,1.0,0.0,0.0,1.0,0.0,1.0,1.0,0.0,0.0,0.0,0.0,1.0,0.0,0.0,0.0,1.0,0.0,1.0,1.0,0,1.0,0.0,0.0,1.0,0.0,0.0,0,0.0,0.0,0.0,1.0,0.0,0,0.0,0.0,0.0,1.0,1.0,1.0,0.0,1.0,0.0,1.0,1.0,0.0,0.0,0.0,0.0,1.0,1.0,0.0,1.0,0.0,2022-11-14,no bjn,0.0,0.0,1.0,1.0,1.0,1.0,0.0,0.0,0.0,0.0,1.0,1.0,0.0,0.0,0.0,0.0,1.0,0.0,0.0,0.0,1.0,0.0,1.0,1.0,0.0,1.0,0.0,0.0,1.0,0.0,0.0,0,0.0,0.0,0.0,1.0,0.0,0,0.0,0.0,0.0,1.0,0.0,0.0,0.0,1.0,0.0,1.0,1.0,0.0,0.0,0.0,0.0,1.0,1.0,0.0,1.0,0.0,,,1.0,1.0,1.0,1.0,1.0,1.0,0.0,0.0,1.0,0.0,1.0,1.0,0.0,0.0,0.0,0.0,1.0,0.0,0.0,0.0,1.0,0.0,1.0,1.0,0.0,1.0,0.0,0.0,1.0,0.0,0.0,0.0,0.0,0.0,0.0,1.0,0.0,0.0,0.0,0.0,0.0,1.0,1.0,1.0,0.0,1.0,0.0,1.0,1.0,0.0,0.0,0.0,0.0,1.0,1.0,0.0,1.0,0.0,1.0,0.0,1.0,1.0,0.0,1.0,,32.0,32.0,32.0,33.0,32.0
PAT_072,42.0,1.0,0.0,,15.0,,0.0,0.0,,,,,0.0,2020-02-17,15.0,1.0,,1,,0.0,1.0,0.0,0.0,0.0,1.0,0.0,0.0,0.0,0.0,0.0,0.0,0.0,0.0,0.0,0.0,0.0,0.0,0.0,125.0,165.0,46.0,36.4,143.0,84.0,2.0,0.0,98.0,2020-02-02,2020-02-02,0.0,,1.0,0.0,0.0,0.0,0.0,0.0,0.0,0.0,0.0,0.0,0.0,0.0,0.0,0.0,0.0,0.0,0.0,0.0,0.0,0.0,0.0,0.0,0.0,0.0,0.0,0.0,0.0,0.0,2.0,0.0,0.0,0.0,0.0,0.0,0.0,0.0,0.0,0.0,0.0,0.0,0.0,0.0,0.0,0.0,0.0,0.0,0.0,0.0,0.0,1.0,0.0,,,0.0,SURVI,0.0,2020-02-08,5.0,2020-02-04,12.6,1900-01-08 00:00:00,0.6,321.0,3.4,1900-04-04 00:00:00,325,,350.0,325,56.0,2.5,198,82,5.0,2020-02-05,8.9,4.8,0.0,9.0,0.0,0.8,0.8,0.0,0.8,0.0,1.0,1.0,1.0,0.0,0.0,1.0,0.0,0.1,,,21.0,22,20.0,20.0,11.0,71.0,7.0,3,,7.36,0.0,,,,0.0,0.0,,,,0.0,0.0,,,0.0,,2020-02-04,bjn,1.0,0.0,1.0,0.0,0.0,0.0,0.0,0.0,0.0,0.0,1.0,0.0,0.0,0.0,0.0,0.0,1.0,0.0,0.0,1.0,0.0,0.0,0.0,0.0,0,0.0,0.0,0.0,1.0,0.0,0.0,0,0.0,0.0,0.0,1.0,0.0,0,0.0,0.0,0.0,0.0,0.0,0.0,0.0,0.0,0.0,0.0,1.0,0.0,0.0,0.0,0.0,0.0,0.0,0.0,0.0,0.0,,,,,,,,,,,,,,,,,,,,,,,,,,,,,,,,,,,,,,,,,,,,,,,,,,,,,,,,,,,,,,,1.0,0.0,1.0,0.0,0.0,0.0,0.0,0.0,0.0,0.0,1.0,0.0,0.0,0.0,0.0,0.0,1.0,0.0,0.0,1.0,0.0,0.0,0.0,0.0,0.0,0.0,0.0,0.0,1.0,0.0,0.0,0.0,0.0,0.0,0.0,1.0,0.0,0.0,0.0,0.0,0.0,0.0,0.0,0.0,0.0,0.0,0.0,0.0,1.0,0.0,0.0,0.0,0.0,0.0,0.0,0.0,0.0,0.0,0.0,0.0,0.0,0.0,,,,,,,,
PAT_073,58.0,0.0,0.0,,3.0,,0.0,0.0,,,,,0.0,2018-01-17,3.0,1.0,1.0,0,78.0,1.0,1.0,1.0,0.0,0.0,1.0,1.0,0.0,0.0,0.0,0.0,1.0,0.0,0.0,0.0,0.0,0.0,0.0,0.0,51.0,176.0,16.5,39.0,120.0,64.0,2.0,0.0,110.0,2018-01-14,2018-01-14,0.0,2018-01-14,1.0,0.0,1.0,0.0,0.0,0.0,0.0,0.0,1.0,0.0,0.0,0.0,1.0,0.0,1.0,2.0,1.0,0.0,0.0,0.0,1.0,0.0,1.0,2.0,0.0,1.0,0.0,0.0,,0.0,0.0,0.0,0.0,0.0,0.0,0.0,0.0,0.0,0.0,0.0,0.0,0.0,0.0,0.0,0.0,0.0,0.0,0.0,,,0.0,,2018-01-15,1.0,SURVI,0.0,2018-01-19,5.0,2018-01-15,12.0,6,0.3,124.0,4.0,58,,1.0,120.0,,54.0,,,,,2018-01-14,6.6,5.1,0.0,6.6,0.0,1.1,0.8,0.0,1.1,0.0,226.0,0.52212389380531,118.0,0.0,-108.0,226.0,1.0,0.41,,,26.0,,20.0,6.0,147.0,282.0,21.0,13,,,,1.0,0.0,,1.0,0.0,,,,0.0,0.0,,,0.0,,2018-01-14,no bjn,1.0,0.0,1.0,0.0,1.0,1.0,1.0,1.0,1.0,1.0,0.0,1.0,0.0,0.0,0.0,0.0,1.0,0.0,0.0,1.0,0.0,0.0,0.0,0.0,0,0.0,0.0,0.0,0.0,1.0,1.0,<25,0.0,0.0,0.0,0.0,1.0,<25,0.0,0.0,0.0,0.0,1.0,0.0,0.0,0.0,0.0,0.0,1.0,0.0,0.0,0.0,0.0,1.0,1.0,0.0,1.0,0.0,2018-01-16,bjn,1.0,1.0,1.0,0.0,1.0,1.0,1.0,1.0,1.0,1.0,0.0,1.0,0.0,0.0,0.0,0.0,1.0,0.0,0.0,1.0,0.0,0.0,0.0,0.0,0.0,0.0,0.0,0.0,0.0,1.0,1.0,<25,0.0,0.0,0.0,0.0,1.0,<25,0.0,0.0,0.0,0.0,1.0,0.0,0.0,0.0,0.0,0.0,1.0,0.0,0.0,0.0,0.0,1.0,1.0,0.0,1.0,0.0,,,1.0,1.0,1.0,0.0,1.0,1.0,1.0,1.0,1.0,1.0,0.0,1.0,0.0,0.0,0.0,0.0,1.0,0.0,0.0,1.0,0.0,0.0,0.0,0.0,0.0,0.0,0.0,0.0,0.0,1.0,1.0,,0.0,0.0,0.0,0.0,1.0,,0.0,0.0,0.0,0.0,1.0,0.0,0.0,0.0,0.0,0.0,1.0,0.0,0.0,0.0,0.0,1.0,1.0,0.0,1.0,0.0,0.0,0.0,0.0,0.0,,,,0.0,0.0,0.0,1.0,1.0
PAT_074,34.0,0.0,0.0,,2.0,,0.0,0.0,,,,,0.0,2017-09-15,2.0,1.0,1.0,1,75.0,0.0,1.0,0.0,0.0,0.0,0.0,0.0,0.0,0.0,0.0,0.0,0.0,0.0,0.0,0.0,0.0,0.0,0.0,0.0,120.0,182.0,36.2,36.0,113.0,74.0,,,79.0,2017-09-13,2017-09-13,0.0,2017-09-12,1.0,0.0,0.0,0.0,0.0,0.0,0.0,0.0,0.0,0.0,0.0,0.0,0.0,0.0,0.0,0.0,0.0,0.0,0.0,0.0,0.0,0.0,0.0,0.0,0.0,0.0,0.0,,,0.0,0.0,0.0,0.0,0.0,0.0,0.0,0.0,0.0,0.0,0.0,0.0,0.0,0.0,0.0,0.0,0.0,,,,,0.0,,2017-09-13,1.0,SURVI,0.0,2017-09-17,5.0,2017-09-13,13.0,6.9,1.9,236.0,5.0,86,,2.0,236.0,,83.0,4.2,,,,2017-09-12,10.3,9.5,0.0,9.5,0.0,1.18,1.18,0.0,1.18,0.0,47.0,2.72340425531915,128.0,0.0,81.0,128.0,0.0,0.05,,,23.0,39,25.0,30.0,60.0,99.0,15.0,5,,,,1.0,0.0,,1.0,0.0,,,,0.0,0.0,,,0.0,,2017-09-12,no bjn,1.0,0.0,1.0,1.0,1.0,1.0,1.0,0.0,0.0,0.0,1.0,1.0,1.0,1.0,0.0,0.0,1.0,0.0,0.0,1.0,0.0,0.0,1.0,1.0,0,0.0,1.0,0.0,1.0,0.0,0.0,0,0.0,0.0,0.0,1.0,0.0,0,0.0,0.0,0.0,0.0,1.0,1.0,0.0,1.0,0.0,1.0,1.0,0.0,0.0,0.0,0.0,0.0,0.0,0.0,0.0,0.0,2017-09-15,bjn,1.0,1.0,1.0,0.0,1.0,1.0,1.0,0.0,0.0,0.0,1.0,1.0,1.0,1.0,0.0,0.0,1.0,0.0,0.0,1.0,0.0,0.0,1.0,1.0,0.0,0.0,1.0,0.0,1.0,0.0,0.0,0,0.0,0.0,0.0,1.0,0.0,0,0.0,0.0,0.0,0.0,1.0,0.0,0.0,0.0,0.0,0.0,1.0,0.0,0.0,0.0,0.0,0.0,0.0,0.0,0.0,0.0,,,1.0,1.0,1.0,1.0,1.0,1.0,1.0,0.0,0.0,0.0,1.0,1.0,1.0,1.0,0.0,0.0,1.0,0.0,0.0,1.0,0.0,0.0,1.0,1.0,0.0,0.0,1.0,0.0,1.0,0.0,0.0,0.0,0.0,0.0,0.0,1.0,0.0,0.0,0.0,0.0,0.0,0.0,1.0,1.0,0.0,1.0,0.0,1.0,1.0,0.0,0.0,0.0,0.0,0.0,0.0,0.0,0.0,0.0,1.0,0.0,1.0,1.0,0.0,,,1.0,1.0,0.0,1.0,1.0
PAT_075,50.0,0.0,1.0,2016-09-12,7.0,,1.0,1.0,1.0,2016-09-12 00:00:00,1.0,,1.0,2016-10-04,29.0,,,1,,0.0,0.0,0.0,0.0,0.0,0.0,0.0,0.0,0.0,0.0,0.0,1.0,0.0,0.0,0.0,0.0,0.0,0.0,0.0,,,,36.5,80.0,60.0,3.0,1.0,79.0,2016-09-05,2016-09-05,0.0,2016-09-05,1.0,1.0,0.0,0.0,0.0,0.0,0.0,0.0,1.0,3.0,0.0,0.0,,0.0,0.0,3.0,1.0,3.0,3.0,0.0,,0.0,0.0,6.0,1.0,1.0,1.0,1.0,,1.0,,,,,,,,,,,0.0,0.0,0.0,0.0,0.0,0.0,0.0,0.0,,0.0,,,2016-09-07,2.0,REA BEAUJON,1.0,2016-10-04,28.0,,,,,,,,,,,,,,,,,2016-09-05,2.9,2.9,0.0,2.9,0.0,6.5,9.55,1.0,9.55,1.0,100.0,1.0,100.0,0.0,0.0,100.0,0.0,,,,,,,,,,,,,,,,,,1.0,1.0,2016-07-01,1.0,,1.0,0.0,,,0.0,,2016-09-11,bjn,1.0,1.0,1.0,1.0,1.0,0.0,0.0,0.0,0.0,0.0,1.0,1.0,1.0,0.0,0.0,0.0,1.0,0.0,0.0,0.0,1.0,0.0,0.0,0.0,0,0.0,0.0,1.0,1.0,0.0,0.0,0,0.0,0.0,0.0,1.0,0.0,0,0.0,0.0,0.0,1.0,1.0,1.0,0.0,1.0,0.0,0.0,1.0,1.0,0.0,1.0,1.0,1.0,1.0,1.0,0.0,0.0,,,,,,,,,,,,,,,,,,,,,,,,,,,,,,,,,,,,,,,,,,,,,,,,,,,,,,,,,,,,,,,1.0,1.0,1.0,1.0,1.0,0.0,0.0,0.0,0.0,0.0,1.0,1.0,1.0,0.0,0.0,0.0,1.0,0.0,0.0,0.0,1.0,0.0,0.0,0.0,0.0,0.0,0.0,1.0,1.0,0.0,0.0,0.0,0.0,0.0,0.0,1.0,0.0,0.0,0.0,0.0,0.0,1.0,1.0,1.0,0.0,1.0,0.0,0.0,1.0,1.0,0.0,1.0,1.0,1.0,1.0,1.0,0.0,0.0,1.0,0.0,1.0,1.0,,,,0.0,0.0,6.0,,2.0
PAT_076,34.0,0.0,0.0,,183.0,,0.0,0.0,,,,,0.0,2019-12-19,183.0,4.0,1.0,0,92.0,1.0,1.0,0.0,0.0,0.0,1.0,0.0,1.0,0.0,0.0,0.0,0.0,0.0,0.0,0.0,0.0,0.0,0.0,0.0,102.0,178.0,32.2,37.0,140.0,95.0,2.0,0.0,130.0,2019-06-19,2019-06-19,0.0,2019-06-17,1.0,0.0,0.0,0.0,0.0,0.0,0.0,0.0,0.0,0.0,0.0,0.0,0.0,0.0,0.0,0.0,0.0,0.0,0.0,0.0,0.0,0.0,0.0,0.0,0.0,0.0,0.0,0.0,1.0,0.0,0.0,0.0,0.0,0.0,0.0,0.0,0.0,0.0,0.0,0.0,0.0,0.0,0.0,0.0,0.0,0.0,0.0,0.0,,1.0,0.0,,2019-06-20,3.0,SURVI,0.0,2019-06-27,8.0,2019-06-20,13.0,4.6,3.2,193.0,,81,,2.0,193.0,,62.0,4.8,,194,,2019-06-19,7.4,7.5,0.0,8.0,0.0,1.0,1.0,0.0,1.0,0.0,117.0,0.982905982905983,115.0,0.0,-2.0,117.0,0.0,0.14,,,23.0,37,29.0,46.0,171.0,90.0,19.0,9,,,,1.0,0.0,,1.0,0.0,,,,0.0,0.0,,,0.0,,2019-06-20,no bjn,1.0,0.0,1.0,0.0,1.0,1.0,0.0,0.0,0.0,1.0,1.0,0.0,0.0,0.0,0.0,0.0,0.0,0.0,1.0,0.0,0.0,1.0,1.0,0.0,1,1.0,1.0,0.0,1.0,0.0,0.0,0,0.0,0.0,0.0,1.0,0.0,0,0.0,0.0,0.0,0.0,0.0,0.0,0.0,0.0,0.0,0.0,1.0,0.0,0.0,0.0,0.0,0.0,1.0,0.0,1.0,1.0,,,,,,,,,,,,,,,,,,,,,,,,,,,,,,,,,,,,,,,,,,,,,,,,,,,,,,,,,,,,,,,1.0,0.0,1.0,0.0,1.0,1.0,0.0,0.0,0.0,1.0,1.0,0.0,0.0,0.0,0.0,0.0,0.0,0.0,1.0,0.0,0.0,1.0,1.0,0.0,1.0,1.0,1.0,0.0,1.0,0.0,0.0,0.0,0.0,0.0,0.0,1.0,0.0,0.0,0.0,0.0,0.0,0.0,0.0,0.0,0.0,0.0,0.0,0.0,1.0,0.0,0.0,0.0,0.0,0.0,1.0,0.0,1.0,1.0,0.0,0.0,0.0,0.0,,,,2.0,2.0,3.0,3.0,3.0
PAT_077,61.0,0.0,0.0,,109.0,,0.0,0.0,,,,,0.0,2016-09-28,109.0,1.0,1.0,0,95.0,0.0,0.0,0.0,0.0,0.0,0.0,0.0,0.0,0.0,0.0,0.0,0.0,0.0,0.0,0.0,0.0,0.0,0.0,0.0,97.0,170.0,33.6,36.9,126.0,97.0,2.0,0.0,97.0,2016-06-11,2016-06-11,0.0,2016-06-07,1.0,0.0,1.0,1.0,0.0,0.0,0.0,1.0,0.0,0.0,0.0,0.0,1.0,0.0,0.0,1.0,0.0,0.0,0.0,0.0,1.0,0.0,0.0,1.0,0.0,0.0,0.0,,,0.0,0.0,0.0,0.0,0.0,0.0,0.0,0.0,0.0,0.0,0.0,0.0,0.0,0.0,0.0,0.0,0.0,,,,1.0,0.0,,2016-06-11,4.0,SURVI,0.0,2016-06-14,4.0,2016-06-11,13.0,7.4,1.0,133.0,4.0,68,,2.0,133.0,,69.0,4.3,181,61,8.0,2016-06-11,9.1,7.6,0.0,9.0,0.0,1.5,1.4,0.0,1.4,0.0,122.0,1.51639344262295,185.0,0.0,63.0,185.0,0.0,,,,24.0,49,26.0,25.0,138.0,72.0,23.0,10,,,,1.0,0.0,,1.0,1.0,2016-06-12,,,0.0,0.0,,,0.0,,2016-06-11,no bjn,1.0,1.0,1.0,1.0,1.0,1.0,0.0,1.0,1.0,1.0,1.0,1.0,1.0,0.0,1.0,0.0,1.0,0.0,0.0,0.0,1.0,0.0,1.0,1.0,0,1.0,1.0,0.0,1.0,0.0,0.0,0,0.0,0.0,0.0,1.0,0.0,0,0.0,0.0,0.0,0.0,0.0,1.0,0.0,0.0,0.0,0.0,1.0,0.0,0.0,0.0,0.0,1.0,1.0,0.0,0.0,0.0,2016-09-26,bjn,1.0,1.0,1.0,1.0,1.0,0.0,0.0,0.0,0.0,0.0,0.0,0.0,0.0,0.0,0.0,0.0,1.0,0.0,0.0,0.0,0.0,0.0,1.0,0.0,1.0,0.0,1.0,1.0,1.0,0.0,0.0,0,0.0,0.0,0.0,1.0,0.0,0,0.0,0.0,0.0,0.0,0.0,0.0,0.0,0.0,0.0,0.0,0.0,0.0,0.0,0.0,0.0,0.0,0.0,0.0,0.0,0.0,,,1.0,1.0,1.0,1.0,1.0,1.0,0.0,1.0,1.0,1.0,1.0,1.0,1.0,0.0,1.0,0.0,1.0,0.0,0.0,0.0,1.0,0.0,1.0,1.0,1.0,1.0,1.0,1.0,1.0,0.0,0.0,0.0,0.0,0.0,0.0,1.0,0.0,0.0,0.0,0.0,0.0,0.0,0.0,1.0,0.0,0.0,0.0,0.0,1.0,0.0,0.0,0.0,0.0,1.0,1.0,0.0,0.0,0.0,1.0,0.0,1.0,1.0,0.0,,,4.0,4.0,4.0,4.0,4.0
PAT_078,48.0,0.0,1.0,2019-11-06,1.0,,1.0,1.0,0.0,2019-11-06 00:00:00,1.0,2020-01-28,0.0,2023-03-02,1213.0,3.0,1.0,0,91.0,0.0,1.0,1.0,0.0,0.0,1.0,0.0,0.0,0.0,0.0,0.0,0.0,0.0,0.0,0.0,0.0,0.0,0.0,0.0,95.0,172.0,32.1,36.7,237.0,92.0,3.0,1.0,57.0,2019-11-05,2019-11-05,0.0,2019-11-01,1.0,1.0,1.0,1.0,0.0,0.0,0.0,1.0,1.0,0.0,0.0,0.0,1.0,1.0,0.0,2.0,1.0,0.0,0.0,0.0,1.0,1.0,0.0,2.0,0.0,1.0,0.0,0.0,2.0,0.0,1.0,1.0,0.0,0.0,0.0,0.0,0.0,0.0,0.0,0.0,1.0,0.0,0.0,0.0,0.0,0.0,0.0,0.0,,,0.0,,2019-11-05,4.0,SURVI,0.0,2019-11-25,21.0,2019-11-05,12.0,13.7,1.8,142.0,,77,25293,2.0,142.0,25293,126.0,8.4,,291,4.0,2019-11-05,20.0,22.0,1.0,22.0,1.0,8.0,8.9,1.0,8.9,1.0,49.0,1.87755102040816,92.0,0.0,43.0,92.0,0.0,0.29,,,18.0,59,25.0,38.0,84.0,63.0,21.0,11,,7.29,1.0,1.0,0.0,,1.0,1.0,2020-02-04,,,0.0,1.0,110.0,100.0,0.0,,2019-11-05,no bjn,1.0,0.0,1.0,0.0,1.0,1.0,1.0,0.0,1.0,1.0,1.0,1.0,1.0,1.0,1.0,1.0,0.0,0.0,1.0,0.0,1.0,0.0,1.0,1.0,0,1.0,1.0,0.0,1.0,0.0,0.0,0,0.0,0.0,0.0,1.0,0.0,0,0.0,0.0,0.0,1.0,1.0,1.0,0.0,1.0,0.0,0.0,1.0,0.0,0.0,0.0,0.0,1.0,1.0,0.0,0.0,0.0,,,,,,,,,,,,,,,,,,,,,,,,,,,,,,,,,,,,,,,,,,,,,,,,,,,,,,,,,,,,,,,1.0,0.0,1.0,0.0,1.0,1.0,1.0,0.0,1.0,1.0,1.0,1.0,1.0,1.0,1.0,1.0,0.0,0.0,1.0,0.0,1.0,0.0,1.0,1.0,0.0,1.0,1.0,0.0,1.0,0.0,0.0,0.0,0.0,0.0,0.0,1.0,0.0,0.0,0.0,0.0,0.0,1.0,1.0,1.0,0.0,1.0,0.0,0.0,1.0,0.0,0.0,0.0,0.0,1.0,1.0,0.0,0.0,0.0,1.0,0.0,1.0,1.0,,,,4.0,4.0,4.0,4.0,4.0
PAT_079,34.0,1.0,0.0,,2244.0,,0.0,0.0,,,,,0.0,2023-03-20,2244.0,4.0,1.0,0,93.0,0.0,0.0,0.0,0.0,0.0,0.0,0.0,0.0,0.0,0.0,0.0,0.0,0.0,0.0,0.0,0.0,0.0,0.0,0.0,73.0,163.0,27.5,37.4,92.0,39.0,,,115.0,2017-01-26,2017-01-26,0.0,2017-01-11,1.0,0.0,0.0,0.0,0.0,0.0,0.0,0.0,0.0,0.0,0.0,0.0,0.0,0.0,0.0,0.0,0.0,0.0,0.0,0.0,0.0,0.0,0.0,0.0,0.0,0.0,0.0,,,0.0,0.0,0.0,0.0,0.0,0.0,0.0,0.0,0.0,0.0,0.0,0.0,0.0,0.0,0.0,0.0,0.0,0.0,0.0,,1.0,0.0,,2017-01-27,16.0,SURVI,0.0,2017-02-01,6.0,2017-01-27,12.0,6.2,2.0,151.0,,98,,2.0,151.0,,59.0,3.5,,,,2017-01-26,14.0,8.8,0.0,14.0,0.0,1.0,0.8,0.0,1.0,0.0,46.0,0.478260869565217,22.0,0.0,-24.0,46.0,0.0,0.05,,,23.0,,38.0,48.0,75.0,69.0,9.0,3,,,,1.0,0.0,,1.0,1.0,2018-12-03,,,0.0,0.0,,,0.0,,2017-01-26,bjn,1.0,0.0,1.0,0.0,1.0,0.0,0.0,0.0,0.0,1.0,0.0,1.0,0.0,0.0,0.0,0.0,1.0,0.0,0.0,0.0,1.0,0.0,1.0,1.0,0,1.0,1.0,0.0,1.0,0.0,0.0,0,0.0,0.0,0.0,1.0,0.0,0,0.0,0.0,0.0,0.0,1.0,0.0,0.0,1.0,0.0,0.0,1.0,0.0,0.0,0.0,0.0,1.0,1.0,0.0,0.0,0.0,,,,,,,,,,,,,,,,,,,,,,,,,,,,,,,,,,,,,,,,,,,,,,,,,,,,,,,,,,,,,,,1.0,0.0,1.0,0.0,1.0,0.0,0.0,0.0,0.0,1.0,0.0,1.0,0.0,0.0,0.0,0.0,1.0,0.0,0.0,0.0,1.0,0.0,1.0,1.0,0.0,1.0,1.0,0.0,1.0,0.0,0.0,0.0,0.0,0.0,0.0,1.0,0.0,0.0,0.0,0.0,0.0,0.0,1.0,0.0,0.0,1.0,0.0,0.0,1.0,0.0,0.0,0.0,0.0,1.0,1.0,0.0,0.0,0.0,0.0,0.0,0.0,0.0,,,,15.0,15.0,15.0,16.0,16.0
PAT_080,52.0,0.0,1.0,2019-06-07,0.0,,0.0,,,2019-06-07 00:00:00,1.0,2019-08-26,0.0,2023-01-20,1323.0,1.0,0.0,0,95.0,1.0,0.0,0.0,0.0,0.0,0.0,0.0,0.0,0.0,0.0,0.0,0.0,0.0,0.0,0.0,0.0,0.0,0.0,0.0,92.0,174.0,30.4,38.6,158.0,94.0,2.0,0.0,30.0,2019-06-06,2019-06-07,0.0,2019-06-03,1.0,0.0,0.0,1.0,0.0,0.0,0.0,0.0,1.0,0.0,0.0,0.0,1.0,0.0,0.0,1.0,0.0,0.0,0.0,0.0,1.0,0.0,0.0,1.0,0.0,0.0,1.0,0.0,3.0,0.0,0.0,1.0,0.0,0.0,0.0,0.0,0.0,0.0,0.0,0.0,1.0,0.0,0.0,0.0,0.0,0.0,0.0,0.0,,,,,2019-06-07,4.0,REA BEAUJON,1.0,2019-06-09,3.0,2019-06-10,10.0,8,1.5,137.0,,,,4.0,137.0,,77.0,4.4,,,,2019-06-06,22.0,22.0,1.0,22.0,1.0,7.5,7.5,1.0,7.5,1.0,160.0,1.225,196.0,0.0,36.0,196.0,0.0,,,,27.0,,462.0,1261.0,47.0,67.0,24.0,14,,,0.0,1.0,0.0,,1.0,1.0,2019-06-10,1.0,,0.0,1.0,165.0,100.0,0.0,,2019-06-07,no bjn,1.0,0.0,0.0,0.0,1.0,,,,,,1.0,1.0,1.0,,,,,,,0.0,0.0,1.0,1.0,,,1.0,1.0,0.0,,,,,,,,,,,,,,1.0,1.0,,,,0.0,,1.0,0.0,0.0,0.0,0.0,1.0,1.0,0.0,0.0,0.0,,,,,,,,,,,,,,,,,,,,,,,,,,,,,,,,,,,,,,,,,,,,,,,,,,,,,,,,,,,,,,,1.0,0.0,0.0,0.0,1.0,0.0,0.0,0.0,0.0,0.0,1.0,1.0,1.0,0.0,0.0,0.0,0.0,0.0,0.0,0.0,0.0,1.0,1.0,0.0,0.0,1.0,1.0,0.0,0.0,0.0,0.0,0.0,0.0,0.0,0.0,0.0,0.0,0.0,0.0,0.0,0.0,1.0,1.0,0.0,0.0,0.0,0.0,0.0,1.0,0.0,0.0,0.0,0.0,1.0,1.0,0.0,0.0,0.0,0.0,0.0,0.0,0.0,,,,3.0,4.0,4.0,7.0,4.0
PAT_081,77.0,0.0,0.0,,1177.0,,0.0,0.0,,,,,1.0,2022-01-27,1177.0,1.0,0.0,1,75.0,1.0,1.0,0.0,0.0,1.0,1.0,0.0,0.0,1.0,0.0,0.0,0.0,0.0,0.0,1.0,0.0,0.0,0.0,1.0,57.0,170.0,19.7,37.1,120.0,70.0,2.0,0.0,91.0,2018-11-07,2018-11-07,0.0,2018-11-01,1.0,0.0,0.0,1.0,0.0,1.0,0.0,0.0,0.0,0.0,0.0,0.0,1.0,0.0,0.0,1.0,0.0,0.0,0.0,0.0,1.0,0.0,0.0,1.0,0.0,0.0,1.0,0.0,,0.0,0.0,0.0,0.0,0.0,0.0,0.0,0.0,0.0,0.0,0.0,0.0,0.0,1.0,0.0,0.0,1.0,0.0,0.0,,1.0,0.0,,2018-11-09,8.0,SURVI,0.0,2018-11-22,14.0,2018-11-09,12.0,15.9,0.5,105.0,2.0,59,,1.0,105.0,,67.0,5.2,,37,,2018-11-07,7.5,18.7,1.0,20.6,1.0,2.2,1.55,1.0,1.55,0.0,32.0,2.1875,70.0,0.0,38.0,109.0,0.0,,,,23.0,25,27.0,12.0,49.0,93.0,15.0,8,,,,1.0,0.0,,1.0,0.0,,,,0.0,0.0,,,1.0,stent porte,2018-11-06,no bjn,1.0,1.0,1.0,0.0,0.0,0.0,0.0,0.0,0.0,0.0,0.0,0.0,0.0,0.0,0.0,0.0,0.0,0.0,0.0,0.0,1.0,0.0,0.0,0.0,0,0.0,0.0,0.0,1.0,0.0,0.0,0,0.0,0.0,0.0,1.0,0.0,0,0.0,0.0,0.0,0.0,1.0,1.0,0.0,1.0,0.0,1.0,1.0,0.0,0.0,0.0,0.0,1.0,1.0,0.0,0.0,0.0,2018-11-07,no bjn,1.0,1.0,1.0,1.0,0.0,0.0,0.0,0.0,0.0,0.0,0.0,0.0,0.0,0.0,0.0,0.0,0.0,0.0,0.0,1.0,0.0,0.0,0.0,0.0,0.0,0.0,0.0,0.0,1.0,0.0,0.0,0,0.0,0.0,0.0,1.0,0.0,0,0.0,0.0,0.0,0.0,1.0,1.0,1.0,1.0,0.0,1.0,1.0,0.0,0.0,0.0,0.0,1.0,1.0,0.0,0.0,0.0,,,1.0,1.0,1.0,1.0,0.0,0.0,0.0,0.0,0.0,0.0,0.0,0.0,0.0,0.0,0.0,0.0,0.0,0.0,0.0,1.0,1.0,0.0,0.0,0.0,0.0,0.0,0.0,0.0,1.0,0.0,0.0,0.0,0.0,0.0,0.0,1.0,0.0,0.0,0.0,0.0,0.0,0.0,1.0,1.0,1.0,1.0,0.0,1.0,1.0,0.0,0.0,0.0,0.0,1.0,1.0,0.0,0.0,0.0,1.0,0.0,1.0,1.0,1.0,,,6.0,6.0,5.0,8.0,8.0
PAT_082,74.0,0.0,1.0,2017-05-01,8.0,,1.0,1.0,1.0,2017-04-30 00:00:00,1.0,2017-09-20,0.0,2023-01-25,2103.0,1.0,1.0,0,91.0,0.0,1.0,0.0,0.0,1.0,1.0,0.0,0.0,0.0,0.0,0.0,0.0,0.0,0.0,0.0,0.0,0.0,0.0,0.0,71.0,164.0,26.4,37.8,161.0,180.0,3.0,1.0,62.0,2017-04-23,2017-04-23,0.0,2017-04-22,1.0,1.0,0.0,0.0,0.0,0.0,0.0,1.0,1.0,0.0,0.0,0.0,0.0,0.0,0.0,0.0,0.0,0.0,0.0,1.0,0.0,1.0,0.0,2.0,0.0,0.0,1.0,1.0,,0.0,0.0,0.0,0.0,0.0,1.0,0.0,0.0,0.0,0.0,0.0,1.0,0.0,0.0,0.0,0.0,0.0,0.0,0.0,,0.0,0.0,,2017-04-23,1.0,SURVI,1.0,2017-05-19,27.0,2017-04-23,17.0,26.6,0.6,339.0,5.0,64,,2.0,339.0,,102.0,6.7,,,,2017-04-23,16.6,27.4,1.0,28.9,1.0,1.5,1.5,1.0,1.5,0.0,153.0,1.57516339869281,241.0,1.0,88.0,241.0,1.0,,,,22.0,,20.0,27.0,104.0,111.0,16.0,9,,,,1.0,0.0,,1.0,1.0,2017-05-01,1.0,,0.0,0.0,,,0.0,,2017-04-23,no bjn,0.0,0.0,1.0,0.0,1.0,1.0,1.0,1.0,1.0,1.0,1.0,1.0,0.0,0.0,1.0,1.0,0.0,0.0,1.0,0.0,1.0,0.0,0.0,0.0,0,0.0,0.0,0.0,1.0,0.0,0.0,0,0.0,0.0,0.0,1.0,0.0,0,0.0,0.0,0.0,1.0,1.0,1.0,0.0,1.0,,1.0,1.0,0.0,0.0,0.0,0.0,1.0,1.0,0.0,1.0,0.0,2017-04-30,bjn,0.0,0.0,1.0,0.0,1.0,1.0,1.0,1.0,1.0,1.0,1.0,1.0,0.0,0.0,0.0,0.0,0.0,1.0,0.0,0.0,1.0,0.0,0.0,0.0,0.0,0.0,0.0,0.0,1.0,0.0,0.0,0,0.0,0.0,0.0,1.0,0.0,0,0.0,0.0,0.0,1.0,1.0,1.0,0.0,1.0,,1.0,1.0,0.0,0.0,0.0,0.0,1.0,1.0,0.0,1.0,0.0,,,0.0,0.0,1.0,0.0,1.0,1.0,1.0,1.0,1.0,1.0,1.0,1.0,0.0,0.0,1.0,1.0,0.0,1.0,1.0,0.0,1.0,0.0,0.0,0.0,0.0,0.0,0.0,0.0,1.0,0.0,0.0,0.0,0.0,0.0,0.0,1.0,0.0,0.0,0.0,0.0,0.0,1.0,1.0,1.0,0.0,1.0,0.0,1.0,1.0,0.0,0.0,0.0,0.0,1.0,1.0,0.0,1.0,0.0,1.0,0.0,1.0,1.0,1.0,1.0,,1.0,1.0,1.0,1.0,1.0
PAT_083,63.0,1.0,1.0,2021-11-12,2.0,,1.0,1.0,1.0,2021-11-12 00:00:00,1.0,2021-12-23,0.0,2023-05-26,562.0,4.0,1.0,0,94.0,0.0,1.0,0.0,1.0,0.0,0.0,0.0,0.0,0.0,0.0,0.0,0.0,0.0,0.0,0.0,0.0,0.0,0.0,0.0,78.0,163.0,29.4,38.0,142.0,81.0,3.0,1.0,90.0,2021-11-10,2021-11-10,0.0,2021-11-08,1.0,1.0,0.0,1.0,0.0,1.0,0.0,1.0,1.0,0.0,0.0,0.0,0.0,0.0,0.0,0.0,0.0,0.0,3.0,0.0,0.0,0.0,0.0,3.0,1.0,1.0,1.0,1.0,2.0,0.0,0.0,0.0,0.0,0.0,0.0,0.0,0.0,0.0,0.0,0.0,0.0,0.0,0.0,0.0,0.0,0.0,0.0,0.0,0.0,,,,2021-11-10,2.0,SURVI,1.0,2021-11-12,3.0,2021-11-10,10.0,14.2,1.6,264.0,4.0,77,5887,2.0,264.0,5887,63.0,7.4,199,80,48.0,2021-11-10,18.0,22.0,1.0,23.0,1.0,2.65,1.54,1.0,2.65,1.0,127.0,2.4251968503937,308.0,1.0,181.0,404.0,1.0,0.0,,,19.0,145,22.0,6.0,24.0,94.0,16.0,7,,7.44,1.0,1.0,0.0,,1.0,0.0,,,,0.0,0.0,,,0.0,,2021-11-09,no bjn,1.0,0.0,1.0,0.0,1.0,0.0,0.0,0.0,0.0,1.0,1.0,1.0,1.0,0.0,0.0,0.0,1.0,0.0,0.0,0.0,1.0,0.0,1.0,1.0,0,1.0,0.0,0.0,1.0,0.0,0.0,0,0.0,0.0,0.0,1.0,0.0,0,0.0,0.0,0.0,1.0,1.0,1.0,1.0,0.0,1.0,0.0,1.0,0.0,0.0,0.0,0.0,1.0,1.0,0.0,0.0,0.0,2021-11-11,no bjn,1.0,1.0,1.0,0.0,1.0,0.0,0.0,0.0,0.0,1.0,1.0,1.0,1.0,0.0,0.0,0.0,1.0,0.0,0.0,0.0,1.0,0.0,1.0,1.0,0.0,1.0,0.0,0.0,1.0,0.0,0.0,0,0.0,0.0,0.0,1.0,0.0,0,0.0,0.0,0.0,1.0,1.0,1.0,0.0,1.0,1.0,0.0,1.0,0.0,0.0,0.0,0.0,1.0,1.0,0.0,0.0,0.0,,,1.0,1.0,1.0,0.0,1.0,0.0,0.0,0.0,0.0,1.0,1.0,1.0,1.0,0.0,0.0,0.0,1.0,0.0,0.0,0.0,1.0,0.0,1.0,1.0,0.0,1.0,0.0,0.0,1.0,0.0,0.0,0.0,0.0,0.0,0.0,1.0,0.0,0.0,0.0,0.0,0.0,1.0,1.0,1.0,1.0,1.0,1.0,0.0,1.0,0.0,0.0,0.0,0.0,1.0,1.0,0.0,0.0,0.0,1.0,1.0,1.0,1.0,1.0,1.0,,2.0,2.0,1.0,2.0,2.0
PAT_084,39.0,0.0,0.0,,148.0,,0.0,0.0,,,,,0.0,2023-06-08,188.0,1.0,,1,,0.0,1.0,0.0,0.0,0.0,1.0,0.0,0.0,0.0,0.0,0.0,0.0,0.0,0.0,0.0,0.0,0.0,0.0,0.0,118.0,183.0,35.2,,,,2.0,0.0,,2022-12-02,2022-12-02,0.0,2022-12-02,1.0,0.0,0.0,1.0,0.0,0.0,0.0,0.0,1.0,0.0,0.0,0.0,0.0,0.0,0.0,0.0,0.0,0.0,0.0,0.0,0.0,0.0,0.0,0.0,0.0,0.0,0.0,0.0,2.0,0.0,0.0,0.0,0.0,0.0,0.0,0.0,0.0,0.0,0.0,0.0,0.0,0.0,0.0,0.0,0.0,0.0,0.0,0.0,,1.0,0.0,,2022-12-05,3.0,HEPATO,0.0,2022-12-09,4.0,2022-12-02,15.0,1900-01-10 00:00:00,1.4,370.0,,1900-03-21 00:00:00,,,300.0,,81.0,3.2,,,,2022-12-02,13.0,15.0,1.0,15.0,1.0,,1.0,0.0,1.0,0.0,146.0,1.34246575342466,196.0,0.0,50.0,,,0.1,,,19.0,21,24.0,45.0,49.0,60.0,9.0,4,,7.36,,0.0,,,0.0,0.0,,,,0.0,0.0,,,0.0,,2022-12-02,no bjn,1.0,1.0,1.0,0.0,1.0,0.0,0.0,0.0,0.0,0.0,1.0,1.0,0.0,0.0,0.0,0.0,1.0,0.0,0.0,0.0,1.0,0.0,1.0,1.0,1,1.0,1.0,0.0,1.0,0.0,0.0,0,0.0,0.0,0.0,1.0,0.0,0,0.0,0.0,0.0,1.0,1.0,1.0,0.0,0.0,0.0,0.0,1.0,0.0,0.0,0.0,0.0,0.0,0.0,0.0,0.0,0.0,2022-12-07,no bjn,1.0,1.0,1.0,0.0,1.0,0.0,0.0,0.0,0.0,0.0,1.0,1.0,0.0,0.0,0.0,0.0,1.0,0.0,0.0,0.0,1.0,0.0,1.0,1.0,1.0,1.0,1.0,0.0,1.0,0.0,0.0,0,0.0,0.0,0.0,1.0,0.0,0,0.0,0.0,0.0,0.0,1.0,1.0,0.0,0.0,0.0,0.0,1.0,0.0,0.0,0.0,0.0,0.0,0.0,0.0,0.0,0.0,,,1.0,1.0,1.0,0.0,1.0,0.0,0.0,0.0,0.0,0.0,1.0,1.0,0.0,0.0,0.0,0.0,1.0,0.0,0.0,0.0,1.0,0.0,1.0,1.0,1.0,1.0,1.0,0.0,1.0,0.0,0.0,0.0,0.0,0.0,0.0,1.0,0.0,0.0,0.0,0.0,0.0,1.0,1.0,1.0,0.0,0.0,0.0,0.0,1.0,0.0,0.0,0.0,0.0,0.0,0.0,0.0,0.0,0.0,1.0,0.0,1.0,1.0,1.0,0.0,,0.0,0.0,0.0,0.0,3.0
PAT_085,52.0,0.0,1.0,2017-09-23,1.0,,1.0,1.0,0.0,2017-09-23 00:00:00,1.0,2018-10-19,0.0,2019-12-11,810.0,1.0,0.0,0,78.0,0.0,1.0,0.0,0.0,0.0,1.0,1.0,0.0,0.0,0.0,0.0,1.0,0.0,0.0,0.0,0.0,0.0,0.0,1.0,99.0,170.0,34.3,36.1,75.0,43.0,3.0,1.0,49.0,2017-09-22,2017-09-22,0.0,2017-09-15,1.0,1.0,1.0,1.0,0.0,1.0,0.0,0.0,1.0,3.0,0.0,0.0,,1.0,0.0,4.0,1.0,3.0,3.0,0.0,,1.0,0.0,7.0,1.0,1.0,1.0,1.0,,1.0,0.0,0.0,0.0,0.0,0.0,0.0,0.0,0.0,0.0,0.0,0.0,0.0,0.0,0.0,0.0,0.0,0.0,0.0,,,,,2017-09-22,7.0,REANIMATION BEAUJON,1.0,2017-09-28,7.0,,11.2,,,,,,,,,,120.0,,,,,2017-09-22,21.0,26.0,1.0,26.0,1.0,1.0,2.16,1.0,2.16,1.0,26.0,1.0,26.0,0.0,0.0,,,,,,,,,,,,,,,,,1.0,0.0,,1.0,1.0,2016-10-08,,,0.0,0.0,,,0.0,,2017-09-22,no bjn,1.0,0.0,1.0,1.0,1.0,1.0,1.0,0.0,0.0,0.0,0.0,1.0,1.0,0.0,0.0,0.0,1.0,0.0,0.0,0.0,1.0,0.0,1.0,1.0,0,1.0,1.0,0.0,0.0,1.0,0.0,<25,0.0,0.0,0.0,1.0,1.0,<25,0.0,0.0,0.0,1.0,1.0,1.0,0.0,1.0,0.0,1.0,1.0,0.0,0.0,0.0,0.0,1.0,1.0,0.0,0.0,0.0,,,,,,,,,,,,,,,,,,,,,,,,,,,,,,,,,,,,,,,,,,,,,,,,,,,,,,,,,,,,,,,1.0,0.0,1.0,1.0,1.0,1.0,1.0,0.0,0.0,0.0,0.0,1.0,1.0,0.0,0.0,0.0,1.0,0.0,0.0,0.0,1.0,0.0,1.0,1.0,0.0,1.0,1.0,0.0,0.0,1.0,0.0,,0.0,0.0,0.0,1.0,1.0,,0.0,0.0,0.0,1.0,1.0,1.0,0.0,1.0,0.0,1.0,1.0,0.0,0.0,0.0,0.0,1.0,1.0,0.0,0.0,0.0,1.0,0.0,1.0,1.0,,,,7.0,7.0,7.0,,7.0
PAT_086,76.0,0.0,0.0,,458.0,,0.0,0.0,,,,,0.0,2023-04-03,458.0,1.0,0.0,NON,94.0,1.0,1.0,1.0,1.0,1.0,0.0,1.0,0.0,1.0,0.0,0.0,1.0,0.0,0.0,0.0,0.0,0.0,0.0,0.0,62.0,171.0,21.2,36.5,,,1.0,0.0,88.0,2021-12-31,2021-12-31,0.0,2021-12-31,1.0,0.0,0.0,0.0,0.0,0.0,0.0,0.0,0.0,0.0,0.0,0.0,0.0,0.0,0.0,0.0,0.0,0.0,0.0,0.0,0.0,0.0,0.0,0.0,0.0,0.0,0.0,0.0,2.0,0.0,0.0,0.0,0.0,0.0,0.0,0.0,0.0,0.0,0.0,0.0,0.0,0.0,1.0,1.0,0.0,0.0,0.0,0.0,0.0,1.0,0.0,,2022-01-03,3.0,SURVI,0.0,2022-01-12,10.0,2022-01-03,15.0,6.7,1.3,214.0,6.0,66,,1.0,214.0,,68.0,8.3,,39,15.0,2021-12-31,9.0,12.0,0.0,12.0,0.0,2.5,1.0,0.0,2.5,1.0,44.0,0.636363636363636,28.0,0.0,-16.0,44.0,0.0,0.0,,,22.0,37,25.0,19.0,289.0,226.0,26.0,18,,,0.0,1.0,0.0,,1.0,0.0,,,,0.0,0.0,,,0.0,,2022-01-01,no bjn,1.0,1.0,1.0,0.0,1.0,0.0,0.0,0.0,0.0,0.0,1.0,1.0,1.0,0.0,0.0,0.0,1.0,0.0,0.0,1.0,0.0,0.0,0.0,0.0,0,0.0,0.0,0.0,1.0,0.0,0.0,0,0.0,0.0,0.0,0.0,0.0,75-100,1.0,1.0,1.0,1.0,1.0,1.0,0.0,1.0,0.0,1.0,1.0,0.0,0.0,0.0,0.0,0.0,1.0,0.0,1.0,0.0,2022-01-14,bjn,1.0,1.0,1.0,1.0,1.0,0.0,0.0,0.0,0.0,0.0,0.0,1.0,0.0,0.0,0.0,0.0,1.0,0.0,0.0,1.0,0.0,0.0,0.0,0.0,0.0,0.0,0.0,0.0,1.0,0.0,0.0,0,0.0,0.0,0.0,0.0,0.0,100,1.0,1.0,1.0,0.0,0.0,0.0,0.0,0.0,0.0,0.0,1.0,0.0,0.0,0.0,0.0,1.0,1.0,0.0,1.0,0.0,,,1.0,1.0,1.0,1.0,1.0,0.0,0.0,0.0,0.0,0.0,1.0,1.0,1.0,0.0,0.0,0.0,1.0,0.0,0.0,1.0,0.0,0.0,0.0,0.0,0.0,0.0,0.0,0.0,1.0,0.0,0.0,0.0,0.0,0.0,0.0,0.0,0.0,,1.0,1.0,1.0,1.0,1.0,1.0,0.0,1.0,0.0,1.0,1.0,0.0,0.0,0.0,0.0,1.0,1.0,0.0,1.0,0.0,1.0,0.0,1.0,1.0,0.0,0.0,,0.0,0.0,1.0,3.0,3.0
PAT_087,63.0,0.0,1.0,2022-07-21,2.0,,0.0,,,2022-07-21 00:00:00,1.0,2022-09-09,0.0,2023-06-02,318.0,1.0,0.0,1,92.0,0.0,1.0,1.0,0.0,1.0,0.0,1.0,0.0,0.0,0.0,0.0,1.0,0.0,0.0,0.0,0.0,0.0,0.0,0.0,99.0,177.0,31.6,37.3,141.0,189.0,,,113.0,2022-07-19,2022-07-19,0.0,2022-07-17,1.0,0.0,0.0,0.0,0.0,0.0,0.0,1.0,1.0,3.0,0.0,0.0,0.0,0.0,0.0,3.0,1.0,3.0,3.0,0.0,0.0,0.0,0.0,6.0,1.0,1.0,1.0,1.0,5.0,1.0,0.0,0.0,0.0,0.0,0.0,0.0,0.0,0.0,0.0,0.0,0.0,0.0,0.0,1.0,0.0,0.0,0.0,0.0,0.0,,,,2022-07-25,8.0,SURVI,1.0,2022-08-10,17.0,2022-07-20,16.6,21,0.8,335.0,4.36,62,10161,1.0,335.0,10161,75.0,3.4,,,13.0,2022-07-19,25.0,31.0,1.0,31.0,1.0,11.6,3.7,1.0,11.6,1.0,65.0,2.30769230769231,150.0,0.0,85.0,150.0,0.0,,,,13.0,,24.0,14.0,519.0,134.0,22.0,9,,7.26,,1.0,1.0,,1.0,1.0,2022-07-25,,,0.0,0.0,,,0.0,,2022-07-19,no bjn,1.0,1.0,1.0,0.0,1.0,0.0,0.0,0.0,0.0,1.0,1.0,1.0,0.0,0.0,0.0,0.0,1.0,0.0,0.0,0.0,1.0,0.0,0.0,0.0,0,0.0,0.0,1.0,1.0,0.0,0.0,0,0.0,0.0,0.0,1.0,0.0,0,0.0,0.0,0.0,1.0,1.0,1.0,1.0,1.0,0.0,1.0,1.0,0.0,0.0,0.0,0.0,1.0,1.0,0.0,0.0,0.0,2022-07-21,bjn,0.0,0.0,1.0,0.0,1.0,0.0,0.0,0.0,0.0,1.0,1.0,1.0,0.0,0.0,0.0,0.0,1.0,0.0,0.0,0.0,1.0,0.0,1.0,1.0,0.0,0.0,0.0,1.0,1.0,0.0,0.0,0,0.0,0.0,0.0,1.0,0.0,0,0.0,0.0,0.0,1.0,1.0,1.0,1.0,1.0,,1.0,1.0,0.0,0.0,0.0,0.0,1.0,1.0,0.0,0.0,0.0,,,1.0,1.0,1.0,0.0,1.0,0.0,0.0,0.0,0.0,1.0,1.0,1.0,0.0,0.0,0.0,0.0,1.0,0.0,0.0,0.0,1.0,0.0,1.0,1.0,0.0,0.0,0.0,1.0,1.0,0.0,0.0,0.0,0.0,0.0,0.0,1.0,0.0,0.0,0.0,0.0,0.0,1.0,1.0,1.0,1.0,1.0,0.0,1.0,1.0,0.0,0.0,0.0,0.0,1.0,1.0,0.0,0.0,0.0,1.0,0.0,1.0,1.0,1.0,1.0,,2.0,2.0,2.0,3.0,8.0
PAT_088,74.0,0.0,0.0,,2732.0,,0.0,0.0,,,,,0.0,2023-06-06,2732.0,1.0,1.0,1,75.0,0.0,1.0,0.0,0.0,0.0,1.0,0.0,0.0,0.0,0.0,0.0,0.0,0.0,0.0,0.0,0.0,0.0,0.0,0.0,80.0,160.0,31.2,36.5,124.0,82.0,,,84.0,2015-12-13,2015-12-13,0.0,2015-12-08,1.0,0.0,1.0,1.0,0.0,0.0,0.0,0.0,1.0,0.0,0.0,0.0,0.0,0.0,0.0,0.0,0.0,0.0,0.0,0.0,0.0,0.0,0.0,0.0,0.0,0.0,0.0,,,0.0,0.0,,0.0,,,,,,,,0.0,0.0,0.0,0.0,0.0,0.0,,,,,,,2015-12-13,5.0,SURVI,,2015-12-24,12.0,2016-04-22,18.0,3.7,2.1,223.0,3.0,18,,8.0,223.0,,91.0,6.0,,,,2015-12-13,13.0,10.6,0.0,13.0,0.0,1.2,0.94,0.0,2.5,1.0,193.0,0.813471502590674,157.0,0.0,-36.0,193.0,0.0,,,,23.0,,24.0,21.0,37.0,99.0,10.0,3,,,,1.0,0.0,,1.0,0.0,,,,0.0,0.0,,,0.0,,2015-12-12,no bjn,1.0,0.0,1.0,0.0,1.0,1.0,1.0,0.0,0.0,1.0,1.0,1.0,1.0,1.0,1.0,1.0,1.0,0.0,0.0,0.0,1.0,0.0,1.0,1.0,1,1.0,1.0,1.0,1.0,0.0,0.0,0,0.0,0.0,0.0,0.0,1.0,<25,0.0,0.0,0.0,1.0,1.0,1.0,1.0,1.0,0.0,0.0,1.0,0.0,0.0,0.0,0.0,1.0,1.0,0.0,0.0,0.0,2016-01-29,no bjn,1.0,1.0,1.0,0.0,1.0,0.0,0.0,0.0,0.0,0.0,0.0,0.0,0.0,0.0,0.0,0.0,1.0,0.0,0.0,0.0,1.0,0.0,1.0,1.0,0.0,1.0,1.0,1.0,1.0,0.0,0.0,0,0.0,0.0,0.0,0.0,1.0,<25,0.0,0.0,0.0,0.0,0.0,0.0,0.0,0.0,0.0,0.0,1.0,0.0,0.0,0.0,0.0,0.0,0.0,0.0,0.0,0.0,,,1.0,1.0,1.0,0.0,1.0,1.0,1.0,0.0,0.0,1.0,1.0,1.0,1.0,1.0,1.0,1.0,1.0,0.0,0.0,0.0,1.0,0.0,1.0,1.0,1.0,1.0,1.0,1.0,1.0,0.0,0.0,0.0,0.0,0.0,0.0,0.0,1.0,,0.0,0.0,0.0,1.0,1.0,1.0,1.0,1.0,0.0,0.0,1.0,0.0,0.0,0.0,0.0,1.0,1.0,0.0,0.0,0.0,1.0,0.0,1.0,1.0,0.0,0.0,,5.0,5.0,4.0,136.0,5.0
PAT_089,48.0,1.0,0.0,,574.0,,0.0,0.0,,,,,0.0,2017-11-14,574.0,1.0,1.0,0,13.0,0.0,1.0,1.0,0.0,1.0,0.0,0.0,0.0,0.0,0.0,0.0,0.0,0.0,0.0,0.0,0.0,0.0,0.0,0.0,80.0,164.0,29.7,36.1,131.0,77.0,2.0,0.0,,2016-04-19,2016-04-19,1.0,2016-04-12,1.0,0.0,0.0,1.0,0.0,0.0,0.0,0.0,0.0,0.0,0.0,0.0,1.0,0.0,0.0,1.0,0.0,0.0,0.0,0.0,2.0,0.0,0.0,2.0,1.0,1.0,0.0,,,0.0,0.0,0.0,0.0,0.0,0.0,0.0,0.0,1.0,0.0,0.0,0.0,0.0,0.0,0.0,0.0,0.0,,,,1.0,0.0,,2016-04-19,7.0,SURVI,0.0,2016-04-29,11.0,2016-04-19,12.0,8.6,1.1,115.0,2.0,68,,2.0,115.0,,60.0,2.7,,60,,2016-04-19,9.0,11.7,0.0,11.7,0.0,2.6,0.94,0.0,2.6,1.0,60.0,2.41666666666667,145.0,0.0,85.0,145.0,0.0,,,,28.0,,16.0,33.0,8.0,58.0,9.0,4,,,,1.0,0.0,,1.0,0.0,,,,0.0,0.0,,,0.0,,2016-04-19,no bjn,0.0,0.0,1.0,0.0,1.0,0.0,0.0,0.0,0.0,1.0,1.0,1.0,1.0,1.0,1.0,1.0,0.0,0.0,1.0,0.0,0.0,1.0,1.0,0.0,1,1.0,1.0,1.0,1.0,0.0,0.0,0,0.0,0.0,0.0,1.0,0.0,0,0.0,0.0,0.0,1.0,1.0,1.0,0.0,1.0,,1.0,1.0,0.0,0.0,0.0,0.0,1.0,1.0,0.0,0.0,0.0,2016-04-27,bjn,1.0,1.0,1.0,0.0,1.0,0.0,0.0,0.0,0.0,1.0,1.0,1.0,1.0,1.0,1.0,1.0,0.0,0.0,1.0,0.0,1.0,0.0,1.0,1.0,0.0,1.0,1.0,1.0,1.0,0.0,0.0,0,0.0,0.0,0.0,1.0,0.0,0,0.0,0.0,0.0,1.0,1.0,0.0,0.0,0.0,0.0,1.0,1.0,0.0,0.0,0.0,0.0,0.0,1.0,0.0,0.0,0.0,,,1.0,1.0,1.0,0.0,1.0,0.0,0.0,0.0,0.0,1.0,1.0,1.0,1.0,1.0,1.0,1.0,0.0,0.0,1.0,0.0,1.0,1.0,1.0,1.0,1.0,1.0,1.0,1.0,1.0,0.0,0.0,0.0,0.0,0.0,0.0,1.0,0.0,0.0,0.0,0.0,0.0,1.0,1.0,1.0,0.0,1.0,0.0,1.0,1.0,0.0,0.0,0.0,0.0,1.0,1.0,0.0,0.0,0.0,1.0,0.0,1.0,1.0,0.0,1.0,,7.0,7.0,7.0,7.0,7.0
PAT_090,48.0,1.0,1.0,2019-04-17,1.0,,1.0,1.0,1.0,2019-04-17 00:00:00,1.0,2019-06-14,0.0,2023-06-06,1512.0,1.0,1.0,0,91.0,0.0,1.0,0.0,0.0,1.0,0.0,0.0,0.0,0.0,0.0,0.0,0.0,0.0,0.0,0.0,0.0,0.0,0.0,0.0,81.0,154.0,34.2,37.6,160.0,90.0,3.0,1.0,102.0,2019-04-16,2019-04-16,0.0,2019-04-13,1.0,1.0,0.0,0.0,0.0,1.0,0.0,1.0,0.0,0.0,0.0,0.0,0.0,0.0,0.0,0.0,0.0,0.0,0.0,0.0,0.0,0.0,0.0,0.0,0.0,0.0,1.0,0.0,1.0,0.0,0.0,0.0,0.0,0.0,0.0,0.0,0.0,0.0,0.0,0.0,0.0,1.0,0.0,0.0,0.0,0.0,0.0,1.0,,,0.0,,2019-04-17,4.0,SURVI,0.0,2019-05-10,24.0,2019-04-17,12.0,10.1,1.8,266.0,6.0,113,7790,2.0,309.0,7790,62.0,2.3,,54,4.0,2019-04-16,12.6,14.5,1.0,14.5,0.0,1.2,2.3,1.0,2.3,1.0,170.0,1.14705882352941,195.0,0.0,25.0,195.0,0.0,0.09,,,17.0,36,26.0,23.0,33.0,68.0,6.0,3,,7.3,0.0,1.0,0.0,,1.0,1.0,2019-06-13,,,0.0,0.0,,,0.0,,2019-04-16,no bjn,1.0,0.0,1.0,0.0,1.0,1.0,1.0,0.0,1.0,1.0,1.0,1.0,1.0,1.0,1.0,1.0,1.0,0.0,0.0,0.0,1.0,0.0,1.0,1.0,1 right,1.0,1.0,0.0,1.0,0.0,0.0,0,0.0,0.0,0.0,1.0,0.0,0,0.0,0.0,0.0,0.0,1.0,1.0,0.0,1.0,0.0,1.0,1.0,0.0,0.0,0.0,0.0,1.0,1.0,0.0,0.0,0.0,,,,,,,,,,,,,,,,,,,,,,,,,,,,,,,,,,,,,,,,,,,,,,,,,,,,,,,,,,,,,,,1.0,0.0,1.0,0.0,1.0,1.0,1.0,0.0,1.0,1.0,1.0,1.0,1.0,1.0,1.0,1.0,1.0,0.0,0.0,0.0,1.0,0.0,1.0,1.0,,1.0,1.0,0.0,1.0,0.0,0.0,0.0,0.0,0.0,0.0,1.0,0.0,0.0,0.0,0.0,0.0,0.0,1.0,1.0,0.0,1.0,0.0,1.0,1.0,0.0,0.0,0.0,0.0,1.0,1.0,0.0,0.0,0.0,1.0,0.0,1.0,1.0,,,,3.0,3.0,3.0,4.0,4.0
PAT_091,36.0,0.0,1.0,2016-03-18,1.0,,0.0,,,2016-03-18 00:00:00,1.0,2016-05-02,0.0,2020-06-25,1561.0,1.0,1.0,0,95.0,1.0,0.0,0.0,0.0,0.0,0.0,0.0,0.0,0.0,0.0,0.0,0.0,0.0,0.0,0.0,0.0,0.0,0.0,0.0,103.0,195.0,27.1,37.9,148.0,89.0,3.0,1.0,101.0,2016-03-17,2016-03-17,0.0,2016-03-15,1.0,1.0,0.0,0.0,0.0,0.0,0.0,1.0,0.0,0.0,1.0,0.0,0.0,0.0,0.0,1.0,0.0,0.0,0.0,1.0,0.0,1.0,0.0,2.0,0.0,0.0,1.0,1.0,2.0,0.0,0.0,0.0,0.0,0.0,0.0,1.0,0.0,0.0,0.0,0.0,1.0,1.0,0.0,0.0,0.0,0.0,0.0,1.0,,,0.0,,2016-03-17,2.0,SURVI,0.0,2016-03-18,2.0,2016-03-17,15.0,14.4,3.8,324.0,,35,,1.0,348.0,,85.0,,,,,2016-03-17,19.0,26.9,1.0,26.9,1.0,1.6,3.85,1.0,3.85,1.0,163.0,1.67484662576687,273.0,1.0,110.0,273.0,1.0,,,,19.0,65,49.0,143.0,71.0,86.0,11.0,7,,,,1.0,0.0,,1.0,1.0,2016-03-18,1.0,,0.0,0.0,,,0.0,,2016-03-17,no bjn,1.0,0.0,1.0,1.0,1.0,1.0,0.0,0.0,0.0,0.0,1.0,1.0,1.0,0.0,0.0,0.0,0.0,1.0,0.0,0.0,1.0,0.0,1.0,1.0,0,1.0,1.0,0.0,1.0,0.0,0.0,0,0.0,0.0,0.0,1.0,0.0,0,0.0,0.0,0.0,1.0,1.0,1.0,1.0,1.0,0.0,1.0,1.0,0.0,0.0,0.0,0.0,1.0,1.0,0.0,1.0,1.0,,,,,,,,,,,,,,,,,,,,,,,,,,,,,,,,,,,,,,,,,,,,,,,,,,,,,,,,,,,,,,,1.0,0.0,1.0,1.0,1.0,1.0,0.0,0.0,0.0,0.0,1.0,1.0,1.0,0.0,0.0,0.0,0.0,1.0,0.0,0.0,1.0,0.0,1.0,1.0,0.0,1.0,1.0,0.0,1.0,0.0,0.0,0.0,0.0,0.0,0.0,1.0,0.0,0.0,0.0,0.0,0.0,1.0,1.0,1.0,1.0,1.0,0.0,1.0,1.0,0.0,0.0,0.0,0.0,1.0,1.0,0.0,1.0,1.0,1.0,0.0,1.0,1.0,,,,2.0,2.0,2.0,2.0,2.0
PAT_092,51.0,0.0,1.0,2017-08-26,3.0,,1.0,1.0,0.0,2017-08-26 00:00:00,1.0,2017-10-30,0.0,2023-04-14,2060.0,1.0,1.0,0,93.0,0.0,1.0,1.0,1.0,1.0,0.0,0.0,0.0,0.0,0.0,0.0,0.0,0.0,0.0,0.0,0.0,0.0,0.0,0.0,90.0,185.0,26.3,38.4,109.0,60.0,3.0,1.0,68.0,2017-08-23,2017-08-23,1.0,2017-08-23,1.0,1.0,0.0,0.0,0.0,0.0,0.0,1.0,1.0,0.0,0.0,0.0,0.0,1.0,0.0,1.0,0.0,0.0,3.0,0.0,0.0,1.0,0.0,4.0,1.0,1.0,1.0,1.0,2.0,0.0,0.0,0.0,0.0,0.0,1.0,0.0,0.0,0.0,0.0,0.0,1.0,0.0,0.0,0.0,0.0,0.0,0.0,0.0,,,,,2017-08-25,2.0,SURVI,1.0,2017-08-26,2.0,2017-08-25,12.0,22,2.0,475.0,6.0,60,,2.0,475.0,,116.0,7.2,287,20,4.0,2017-08-23,26.2,31.0,1.0,31.0,1.0,0.9,1.0,0.0,1.0,0.0,320.0,1.0,320.0,1.0,0.0,320.0,1.0,,,,21.0,13,18.0,11.0,63.0,89.0,16.0,11,,7.31,,1.0,1.0,,1.0,1.0,2017-08-25,,,0.0,0.0,,,0.0,,2017-08-25,bjn,1.0,1.0,1.0,0.0,1.0,0.0,1.0,1.0,1.0,1.0,1.0,1.0,1.0,1.0,1.0,1.0,0.0,0.0,1.0,0.0,0.0,1.0,1.0,0.0,1,1.0,1.0,1.0,1.0,0.0,0.0,0,0.0,0.0,0.0,0.0,0.0,75-100,1.0,1.0,1.0,1.0,1.0,1.0,0.0,1.0,1.0,1.0,1.0,0.0,0.0,0.0,0.0,1.0,1.0,0.0,1.0,0.0,,,,,,,,,,,,,,,,,,,,,,,,,,,,,,,,,,,,,,,,,,,,,,,,,,,,,,,,,,,,,,,1.0,1.0,1.0,0.0,1.0,0.0,1.0,1.0,1.0,1.0,1.0,1.0,1.0,1.0,1.0,1.0,0.0,0.0,1.0,0.0,0.0,1.0,1.0,0.0,1.0,1.0,1.0,1.0,1.0,0.0,0.0,0.0,0.0,0.0,0.0,0.0,0.0,,1.0,1.0,1.0,1.0,1.0,1.0,0.0,1.0,1.0,1.0,1.0,0.0,0.0,0.0,0.0,1.0,1.0,0.0,1.0,0.0,1.0,1.0,1.0,1.0,,,,0.0,0.0,2.0,2.0,2.0
PAT_093,70.0,0.0,0.0,,1850.0,,0.0,0.0,,,,,0.0,2023-05-17,1850.0,1.0,1.0,0,92.0,1.0,1.0,0.0,0.0,0.0,1.0,0.0,0.0,0.0,0.0,0.0,0.0,0.0,0.0,0.0,0.0,0.0,0.0,0.0,78.0,170.0,27.0,36.6,126.0,64.0,2.0,0.0,48.0,2018-04-22,2018-04-23,0.0,2018-04-22,1.0,0.0,0.0,1.0,0.0,0.0,0.0,0.0,0.0,0.0,0.0,0.0,0.0,1.0,0.0,1.0,0.0,0.0,0.0,0.0,0.0,1.0,0.0,1.0,0.0,0.0,0.0,0.0,1.0,0.0,0.0,0.0,0.0,0.0,0.0,0.0,0.0,0.0,0.0,0.0,0.0,0.0,0.0,0.0,0.0,0.0,0.0,0.0,,1.0,0.0,,2018-04-23,1.0,SURVI,0.0,2018-05-09,17.0,2018-04-23,14.0,9.8,1.1,230.0,5.0,90,,2.0,230.0,,128.0,7.3,,123,,2018-04-22,11.0,12.7,1.0,12.7,0.0,1.0,1.2,0.0,1.2,0.0,47.0,3.4468085106383,162.0,0.0,115.0,162.0,0.0,0.24,,,19.0,36,20.0,19.0,27.0,74.0,6.0,6,,,,1.0,0.0,,1.0,0.0,,,,0.0,0.0,,,0.0,,2018-04-23,no bjn,0.0,0.0,1.0,0.0,1.0,0.0,0.0,0.0,1.0,1.0,1.0,1.0,1.0,0.0,1.0,1.0,1.0,0.0,0.0,0.0,1.0,0.0,0.0,0.0,0,0.0,0.0,0.0,0.0,0.0,1.0,<25,0.0,0.0,0.0,1.0,1.0,<25,0.0,0.0,0.0,0.0,1.0,0.0,0.0,1.0,,1.0,1.0,0.0,0.0,0.0,0.0,1.0,1.0,0.0,0.0,0.0,2018-04-29,bjn,1.0,0.0,1.0,0.0,1.0,0.0,0.0,0.0,1.0,1.0,1.0,1.0,1.0,0.0,1.0,1.0,1.0,0.0,0.0,0.0,1.0,0.0,0.0,0.0,0.0,0.0,0.0,0.0,0.0,0.0,1.0,<25,0.0,0.0,0.0,1.0,1.0,<25,0.0,0.0,0.0,0.0,1.0,0.0,0.0,1.0,0.0,0.0,1.0,0.0,0.0,0.0,0.0,0.0,1.0,0.0,0.0,0.0,,,1.0,0.0,1.0,0.0,1.0,0.0,0.0,0.0,1.0,1.0,1.0,1.0,1.0,0.0,1.0,1.0,1.0,0.0,0.0,0.0,1.0,0.0,0.0,0.0,0.0,0.0,0.0,0.0,0.0,0.0,1.0,,0.0,0.0,0.0,1.0,1.0,,0.0,0.0,0.0,0.0,1.0,0.0,0.0,1.0,0.0,1.0,1.0,0.0,0.0,0.0,0.0,1.0,1.0,0.0,0.0,0.0,0.0,0.0,0.0,0.0,,,,0.0,1.0,1.0,1.0,1.0
PAT_094,61.0,1.0,0.0,,238.0,,0.0,0.0,,,,,0.0,2018-05-18,238.0,4.0,1.0,0,93.0,1.0,1.0,0.0,1.0,0.0,0.0,0.0,0.0,0.0,0.0,0.0,0.0,0.0,0.0,0.0,0.0,0.0,0.0,0.0,135.0,170.0,46.7,36.9,131.0,89.0,3.0,1.0,94.0,2017-09-21,2017-09-22,0.0,2017-09-21,1.0,1.0,0.0,1.0,0.0,0.0,0.0,1.0,0.0,0.0,0.0,0.0,0.0,0.0,0.0,0.0,0.0,0.0,0.0,0.0,0.0,0.0,0.0,0.0,0.0,0.0,0.0,,,0.0,0.0,0.0,0.0,1.0,0.0,0.0,0.0,1.0,0.0,0.0,1.0,0.0,0.0,0.0,0.0,0.0,,,,0.0,0.0,,2017-09-22,1.0,SURVI,0.0,2017-10-05,14.0,2017-09-22,14.0,8,1.7,246.0,5.0,85,5148,2.0,246.0,5148,61.0,3.5,218,60,,2017-09-21,7.0,11.8,0.0,11.8,0.0,1.0,1.7,1.0,1.7,0.0,50.0,3.4,170.0,0.0,120.0,190.0,0.0,0.07,0.15,,23.0,25,21.0,20.0,49.0,85.0,9.0,4,,,,1.0,0.0,,1.0,1.0,2017-09-23,,,0.0,0.0,,,0.0,,2017-09-22,bjn,1.0,1.0,1.0,0.0,1.0,0.0,0.0,0.0,0.0,1.0,1.0,1.0,0.0,0.0,0.0,0.0,1.0,0.0,0.0,1.0,0.0,0.0,0.0,0.0,0,0.0,0.0,0.0,1.0,0.0,0.0,0,0.0,0.0,0.0,1.0,0.0,0,0.0,0.0,0.0,1.0,1.0,1.0,1.0,1.0,0.0,1.0,1.0,0.0,0.0,0.0,0.0,1.0,1.0,0.0,0.0,0.0,2017-09-25,bjn,0.0,0.0,1.0,0.0,1.0,0.0,0.0,0.0,0.0,0.0,1.0,1.0,0.0,0.0,0.0,0.0,1.0,0.0,0.0,1.0,0.0,0.0,0.0,0.0,0.0,0.0,0.0,0.0,1.0,0.0,0.0,0,0.0,0.0,0.0,1.0,0.0,0,0.0,0.0,0.0,1.0,1.0,0.0,0.0,1.0,,1.0,1.0,0.0,0.0,0.0,0.0,1.0,1.0,0.0,0.0,0.0,,,1.0,1.0,1.0,0.0,1.0,0.0,0.0,0.0,0.0,1.0,1.0,1.0,0.0,0.0,0.0,0.0,1.0,0.0,0.0,1.0,0.0,0.0,0.0,0.0,0.0,0.0,0.0,0.0,1.0,0.0,0.0,0.0,0.0,0.0,0.0,1.0,0.0,0.0,0.0,0.0,0.0,1.0,1.0,1.0,1.0,1.0,0.0,1.0,1.0,0.0,0.0,0.0,0.0,1.0,1.0,0.0,0.0,0.0,1.0,0.0,1.0,1.0,0.0,1.0,,0.0,1.0,1.0,1.0,1.0
PAT_095,58.0,0.0,1.0,2016-04-19,25.0,,1.0,1.0,1.0,2016-04-19 00:00:00,1.0,,1.0,2016-06-21,88.0,1.0,1.0,1,75.0,0.0,1.0,1.0,0.0,0.0,1.0,1.0,0.0,1.0,0.0,0.0,1.0,0.0,0.0,0.0,0.0,0.0,0.0,0.0,110.0,175.0,35.9,36.0,148.0,94.0,3.0,1.0,85.0,2016-03-25,2016-03-25,0.0,2016-03-22,1.0,1.0,1.0,0.0,0.0,0.0,0.0,1.0,1.0,0.0,0.0,0.0,2.0,0.0,2.0,4.0,1.0,3.0,3.0,2.0,2.0,1.0,2.0,13.0,1.0,1.0,0.0,,,0.0,0.0,0.0,0.0,0.0,0.0,0.0,0.0,0.0,0.0,0.0,0.0,0.0,1.0,1.0,0.0,0.0,0.0,0.0,,0.0,0.0,,2016-03-25,3.0,SURVI,0.0,2016-03-30,5.0,2016-03-25,12.0,7.3,0.4,52.0,3.0,85,,2.0,53.0,,88.0,12.1,283,47,,2016-03-25,9.0,10.8,0.0,9.0,0.0,2.0,2.36,1.0,2.94,1.0,,,,,,,,0.79,,,22.0,21,30.0,14.0,115.0,117.0,52.0,20,,,,1.0,0.0,,1.0,1.0,2016-05-15,,,0.0,0.0,,,0.0,,2016-03-23,no bjn,1.0,0.0,1.0,0.0,1.0,0.0,0.0,0.0,0.0,1.0,1.0,1.0,1.0,0.0,0.0,0.0,0.0,1.0,0.0,0.0,1.0,0.0,0.0,0.0,0,0.0,0.0,1.0,1.0,0.0,0.0,0,0.0,0.0,0.0,1.0,0.0,0,0.0,0.0,0.0,1.0,1.0,1.0,0.0,1.0,0.0,1.0,1.0,0.0,0.0,0.0,0.0,1.0,1.0,0.0,1.0,0.0,2016-04-11,no bjn,1.0,0.0,1.0,0.0,1.0,0.0,0.0,0.0,0.0,0.0,0.0,0.0,0.0,0.0,0.0,0.0,0.0,1.0,0.0,0.0,1.0,0.0,0.0,0.0,0.0,0.0,0.0,1.0,1.0,0.0,0.0,0,0.0,0.0,0.0,1.0,0.0,0,0.0,0.0,0.0,1.0,1.0,1.0,1.0,1.0,0.0,1.0,1.0,0.0,0.0,0.0,0.0,1.0,1.0,0.0,1.0,0.0,,,1.0,0.0,1.0,0.0,1.0,0.0,0.0,0.0,0.0,1.0,1.0,1.0,1.0,0.0,0.0,0.0,0.0,1.0,0.0,0.0,1.0,0.0,0.0,0.0,0.0,0.0,0.0,1.0,1.0,0.0,0.0,0.0,0.0,0.0,0.0,1.0,0.0,0.0,0.0,0.0,0.0,1.0,1.0,1.0,1.0,1.0,0.0,1.0,1.0,0.0,0.0,0.0,0.0,1.0,1.0,0.0,1.0,0.0,1.0,0.0,1.0,1.0,1.0,1.0,,3.0,3.0,1.0,3.0,3.0
